,S1_molecule,S2_molecule,T0_mod_protein_molecule,T0_plasmid_molecule,T0_protein_molecule,T1_mod_protein_molecule,T1_plasmid_molecule,T1_protein_molecule,T2_mod_protein_molecule,T2_plasmid_molecule,T2_protein_molecule,T3_mod_protein_molecule,T3_plasmid_molecule,T3_protein_molecule,T4_mod_protein_molecule,T4_plasmid_molecule,T4_plasmid_strand_molecule,T4_protein_molecule,T5_mod_protein_molecule,T5_plasmid_molecule,T5_plasmid_strand_molecule,T5_protein_molecule,T6_mod_protein_molecule,T6_plasmid_molecule,T6_plasmid_strand_molecule,T6_protein_molecule
0,{},{},{},{dot: 1},{},{},{dot: 1},{},{},{dot: 1},{},{},{dot: 1},{},{},{},{},{},{},{},{},{},{},{},{},{}
1,{},{},{},{dot: 1},{dot: 1},{},{dot: 1},{},{},{dot: 1},{},{},{dot: 1},{},{},{},{},{},{},{},{},{},{},{},{},{}
2,{},{},{dot: 1},{dot: 1},{dot: 1},{},{dot: 1},{},{},{dot: 1},{},{},{dot: 1},{},{},{},{},{},{},{},{},{},{},{},{},{}
3,{},{},{dot: 1},{dot: 1},{},{},{dot: 1},{},{},{dot: 1},{},{},{dot: 1},{},{},{},{},{},{},{},{},{},{},{},{},{}
4,{},{},{},{dot: 1},{},{},{dot: 1},{},{},{dot: 1},{},{},{dot: 1},{},{},{},{},{},{},{},{},{},{},{},{},{}
5,{},{},{},{dot: 1},{},{},{dot: 1},{dot: 1},{},{dot: 1},{},{},{dot: 1},{},{},{},{},{},{},{},{},{},{},{},{},{}
6,{},{},{},{dot: 1},{},{},{dot: 1},{},{},{dot: 1},{dot: 1},{},{dot: 1},{},{},{},{},{},{},{},{},{},{},{},{},{}
7,{},{},{},{dot: 1},{},{},{dot: 1},{dot: 1},{},{dot: 1},{},{},{dot: 1},{},{},{},{},{},{},{},{},{},{},{},{},{}
8,{},{},{},{dot: 1},{dot: 1},{},{dot: 1},{},{},{dot: 1},{dot: 1},{},{dot: 1},{},{},{},{},{},{},{},{},{},{},{},{},{}
9,{},{},{},{dot: 1},{dot: 2},{},{dot: 1},{dot: 1},{},{dot: 1},{},{},{dot: 1},{},{},{},{},{},{},{},{},{},{},{},{},{}
10,{},{},{dot: 1},{dot: 1},{dot: 2},{},{dot: 1},{},{},{dot: 1},{dot: 1},{},{dot: 1},{},{},{},{},{},{},{},{},{},{},{},{},{}
11,{},{},{dot: 1},{dot: 1},{},{},{dot: 1},{},{},{dot: 1},{dot: 1},{},{dot: 1},{},{},{},{},{},{},{},{},{},{},{},{},{}
12,{},{},{dot: 1},{dot: 1},{dot: 1},{},{dot: 1},{dot: 1},{},{dot: 1},{},{},{dot: 1},{},{},{},{},{},{},{},{},{},{},{},{},{}
13,{},{},{},{dot: 1},{},{dot: 1},{dot: 1},{},{},{dot: 1},{},{},{dot: 1},{},{},{},{},{},{},{},{},{},{},{},{},{}
14,{},{},{},{dot: 1},{dot: 1},{},{dot: 1},{},{},{dot: 1},{},{},{dot: 1},{},{},{},{},{},{},{},{},{},{},{},{},{}
15,{},{},{},{dot: 1},{dot: 2},{},{dot: 1},{dot: 1},{},{dot: 1},{},{},{dot: 1},{},{},{},{},{},{},{},{},{},{},{},{},{}
16,{},{},{dot: 1},{dot: 1},{dot: 1},{dot: 1},{dot: 1},{dot: 1},{},{dot: 1},{},{},{dot: 1},{},{},{},{},{},{},{},{},{},{},{},{},{}
17,{},{},{dot: 1},{dot: 1},{},{},{dot: 1},{},{},{dot: 1},{dot: 1},{},{dot: 1},{},{},{},{},{},{},{},{},{},{},{},{},{}
18,{},{},{},{dot: 1},{dot: 1},{},{dot: 1},{},{},{dot: 1},{},{},{dot: 1},{},{},{},{},{},{},{},{},{},{},{},{},{}
19,{},{},{dot: 1},{dot: 1},{},{},{dot: 1},{},{},{dot: 1},{},{},{dot: 1},{},{},{},{},{},{},{},{},{},{},{},{},{}
20,{},{},{},{dot: 1},{},{},{dot: 1},{},{},{dot: 1},{},{},{dot: 1},{},{},{},{},{},{},{},{},{},{},{},{},{}
21,{},{},{},{dot: 1},{},{},{dot: 1},{dot: 1},{},{dot: 1},{},{},{dot: 1},{},{},{},{},{},{},{},{},{},{},{},{},{}
22,{},{},{},{dot: 1},{dot: 1},{dot: 1},{dot: 1},{dot: 1},{},{dot: 1},{},{},{dot: 1},{},{},{},{},{},{},{},{},{},{},{},{},{}
23,{},{},{dot: 1},{dot: 1},{},{dot: 1},{dot: 1},{},{},{dot: 1},{dot: 1},{},{dot: 1},{},{},{},{},{},{},{},{},{},{},{},{},{}
24,{},{},{},{dot: 1},{dot: 1},{},{dot: 1},{dot: 1},{},{dot: 1},{},{},{dot: 1},{},{},{},{},{},{},{},{},{},{},{},{},{}
25,{},{},{},{dot: 1},{},{dot: 1},{dot: 1},{dot: 1},{},{dot: 1},{},{},{dot: 1},{},{},{},{},{},{},{},{},{},{},{},{},{}
26,{},{},{},{dot: 1},{dot: 1},{dot: 1},{dot: 1},{},{},{dot: 1},{dot: 1},{},{dot: 1},{},{},{},{},{},{},{},{},{},{},{},{},{}
27,{},{},{dot: 1},{dot: 1},{},{},{dot: 1},{dot: 1},{},{dot: 1},{dot: 1},{},{dot: 1},{},{},{},{},{},{},{},{},{},{},{},{},{}
28,{},{},{},{dot: 1},{},{dot: 1},{dot: 1},{dot: 1},{},{dot: 1},{},{},{dot: 1},{},{},{},{},{},{},{},{},{},{},{},{},{}
29,{},{},{},{dot: 1},{dot: 1},{},{dot: 1},{},{},{dot: 1},{dot: 1},{},{dot: 1},{},{},{},{},{},{},{},{},{},{},{},{},{}
30,{},{},{},{dot: 1},{},{},{dot: 1},{dot: 1},{},{dot: 1},{},{},{dot: 1},{},{},{},{},{},{},{},{},{},{},{},{},{}
31,{},{},{},{dot: 1},{dot: 1},{},{dot: 1},{},{},{dot: 1},{},{},{dot: 1},{},{},{},{},{},{},{},{},{},{},{},{},{}
32,{},{},{dot: 1},{dot: 1},{dot: 1},{},{dot: 1},{dot: 1},{},{dot: 1},{},{},{dot: 1},{},{},{},{},{},{},{},{},{},{},{},{},{}
33,{},{},{},{dot: 1},{},{dot: 1},{dot: 1},{},{},{dot: 1},{},{},{dot: 1},{},{},{},{},{},{},{},{},{},{},{},{},{}
34,{},{},{},{dot: 1},{dot: 1},{},{dot: 1},{},{},{dot: 1},{},{},{dot: 1},{},{},{},{},{},{},{},{},{},{},{},{},{}
35,{},{},{},{dot: 1},{dot: 1},{},{dot: 1},{dot: 1},{},{dot: 1},{},{},{dot: 1},{},{},{},{},{},{},{},{},{},{},{},{},{}
36,{},{},{dot: 1},{dot: 1},{},{},{dot: 1},{},{},{dot: 1},{dot: 1},{},{dot: 1},{},{},{},{},{},{},{},{},{},{},{},{},{}
37,{},{},{},{dot: 1},{dot: 2},{},{dot: 1},{dot: 1},{},{dot: 1},{},{},{dot: 1},{},{},{},{},{},{},{},{},{},{},{},{},{}
38,{},{},{dot: 1},{dot: 1},{dot: 1},{},{dot: 1},{dot: 1},{},{dot: 1},{},{},{dot: 1},{},{},{},{},{},{},{},{},{},{},{},{},{}
39,{},{},{},{dot: 1},{dot: 1},{},{dot: 1},{dot: 1},{},{dot: 1},{dot: 1},{},{dot: 1},{},{},{},{},{},{},{},{},{},{},{},{},{}
40,{},{},{dot: 1},{dot: 1},{dot: 1},{},{dot: 1},{dot: 1},{},{dot: 1},{},{},{dot: 1},{},{},{},{},{},{},{},{},{},{},{},{},{}
41,{},{},{},{dot: 1},{dot: 1},{},{dot: 1},{},{},{dot: 1},{dot: 1},{},{dot: 1},{},{},{},{},{},{},{},{},{},{},{},{},{}
42,{},{},{dot: 1},{dot: 1},{dot: 1},{},{dot: 1},{dot: 1},{},{dot: 1},{dot: 1},{},{dot: 1},{},{},{},{},{},{},{},{},{},{},{},{},{}
43,{},{},{dot: 1},{dot: 1},{dot: 2},{},{dot: 1},{dot: 1},{},{dot: 1},{},{},{dot: 1},{},{},{},{},{},{},{},{},{},{},{},{},{}
44,{},{},{dot: 1},{dot: 1},{dot: 1},{},{dot: 1},{},{},{dot: 1},{dot: 1},{},{dot: 1},{},{},{},{},{},{},{},{},{},{},{},{},{}
45,{},{},{dot: 1},{dot: 1},{},{},{dot: 1},{dot: 1},{},{dot: 1},{},{},{dot: 1},{},{},{},{},{},{},{},{},{},{},{},{},{}
46,{},{},{},{dot: 1},{dot: 1},{},{dot: 1},{},{},{dot: 1},{dot: 1},{},{dot: 1},{},{},{},{},{},{},{},{},{},{},{},{},{}
47,{},{},{dot: 1},{dot: 1},{},{},{dot: 1},{},{},{dot: 1},{dot: 1},{},{dot: 1},{},{},{},{},{},{},{},{},{},{},{},{},{}
48,{},{},{dot: 1},{dot: 1},{},{},{dot: 1},{dot: 1},{},{dot: 1},{},{},{dot: 1},{},{},{},{},{},{},{},{},{},{},{},{},{}
49,{},{},{dot: 1},{dot: 1},{dot: 1},{dot: 1},{dot: 1},{},{},{dot: 1},{},{},{dot: 1},{},{},{},{},{},{},{},{},{},{},{},{},{}
50,{},{},{dot: 1},{dot: 1},{dot: 1},{},{dot: 1},{dot: 1},{},{dot: 1},{},{},{dot: 1},{},{},{},{},{},{},{},{},{},{},{},{},{}
51,{},{},{dot: 1},{dot: 1},{},{dot: 1},{dot: 1},{},{},{dot: 1},{dot: 1},{},{dot: 1},{},{},{},{},{},{},{},{},{},{},{},{},{}
52,{},{},{},{dot: 1},{dot: 1},{},{dot: 1},{dot: 1},{},{dot: 1},{},{},{dot: 1},{},{},{},{},{},{},{},{},{},{},{},{},{}
53,{},{},{},{dot: 1},{dot: 1},{dot: 1},{dot: 1},{},{},{dot: 1},{},{},{dot: 1},{},{},{},{},{},{},{},{},{},{},{},{},{}
54,{},{},{dot: 1},{dot: 1},{dot: 1},{},{dot: 1},{},{},{dot: 1},{},{},{dot: 1},{},{},{},{},{},{},{},{},{},{},{},{},{}
55,{},{},{dot: 1},{dot: 1},{dot: 1},{},{dot: 1},{dot: 1},{},{dot: 1},{},{},{dot: 1},{},{},{},{},{},{},{},{},{},{},{},{},{}
56,{},{},{},{dot: 1},{dot: 1},{},{dot: 1},{dot: 1},{},{dot: 1},{},{},{dot: 1},{},{},{},{},{},{},{},{},{},{},{},{},{}
57,{},{},{dot: 1},{dot: 1},{dot: 1},{},{dot: 1},{},{},{dot: 1},{dot: 1},{},{dot: 1},{},{},{},{},{},{},{},{},{},{},{},{},{}
58,{},{},{},{dot: 1},{dot: 2},{},{dot: 1},{dot: 1},{},{dot: 1},{},{},{dot: 1},{},{},{},{},{},{},{},{},{},{},{},{},{}
59,{},{},{dot: 1},{dot: 1},{dot: 1},{dot: 1},{dot: 1},{dot: 1},{},{dot: 1},{},{},{dot: 1},{},{},{},{},{},{},{},{},{},{},{},{},{}
60,{},{},{dot: 1},{dot: 1},{},{dot: 1},{dot: 1},{dot: 1},{},{dot: 1},{},{},{dot: 1},{},{},{},{},{},{},{},{},{},{},{},{},{}
61,{},{},{dot: 1},{dot: 1},{dot: 1},{},{dot: 1},{dot: 1},{},{dot: 1},{},{},{dot: 1},{},{},{},{},{},{},{},{},{},{},{},{},{}
62,{},{},{dot: 1},{dot: 1},{dot: 1},{dot: 1},{dot: 1},{},{},{dot: 1},{},{},{dot: 1},{},{},{},{},{},{},{},{},{},{},{},{},{}
63,{},{},{},{dot: 1},{dot: 1},{dot: 1},{dot: 1},{},{},{dot: 1},{},{},{dot: 1},{},{},{},{},{},{},{},{},{},{},{},{},{}
64,{},{},{dot: 1},{dot: 1},{dot: 1},{},{dot: 1},{dot: 1},{},{dot: 1},{},{},{dot: 1},{},{},{},{},{},{},{},{},{},{},{},{},{}
65,{},{},{},{dot: 1},{dot: 1},{},{dot: 1},{dot: 1},{},{dot: 1},{dot: 1},{},{dot: 1},{},{},{},{},{},{},{},{},{},{},{},{},{}
66,{},{},{},{dot: 1},{dot: 1},{},{dot: 1},{},{},{dot: 1},{dot: 1},{},{dot: 1},{},{},{},{},{},{},{},{},{},{},{},{},{}
67,{},{},{dot: 1},{dot: 1},{},{},{dot: 1},{},{},{dot: 1},{},{},{dot: 1},{},{},{},{},{},{},{},{},{},{},{},{},{}
68,{},{},{},{dot: 1},{dot: 1},{},{dot: 1},{dot: 1},{},{dot: 1},{},{},{dot: 1},{},{},{},{},{},{},{},{},{},{},{},{},{}
69,{},{},{dot: 1},{dot: 1},{},{},{dot: 1},{dot: 1},{},{dot: 1},{},{},{dot: 1},{},{},{},{},{},{},{},{},{},{},{},{},{}
70,{},{},{},{dot: 1},{dot: 1},{dot: 1},{dot: 1},{dot: 1},{},{dot: 1},{},{},{dot: 1},{},{},{},{},{},{},{},{},{},{},{},{},{}
71,{},{},{},{dot: 1},{},{},{dot: 1},{},{},{dot: 1},{dot: 1},{},{dot: 1},{},{},{},{},{},{},{},{},{},{},{},{},{}
72,{},{},{},{dot: 1},{},{},{dot: 1},{dot: 1},{},{dot: 1},{},{},{dot: 1},{},{},{},{},{},{},{},{},{},{},{},{},{}
73,{},{},{},{dot: 1},{dot: 1},{dot: 1},{dot: 1},{},{},{dot: 1},{},{},{dot: 1},{},{},{},{},{},{},{},{},{},{},{},{},{}
74,{},{},{dot: 1},{dot: 1},{},{dot: 1},{dot: 1},{dot: 1},{},{dot: 1},{},{},{dot: 1},{},{},{},{},{},{},{},{},{},{},{},{},{}
75,{},{},{},{dot: 1},{dot: 1},{dot: 1},{dot: 1},{},{},{dot: 1},{},{},{dot: 1},{},{},{},{},{},{},{},{},{},{},{},{},{}
76,{},{},{},{dot: 1},{dot: 1},{},{dot: 1},{dot: 1},{},{dot: 1},{},{},{dot: 1},{},{},{},{},{},{},{},{},{},{},{},{},{}
77,{},{},{dot: 1},{dot: 1},{},{dot: 1},{dot: 1},{},{},{dot: 1},{dot: 1},{},{dot: 1},{},{},{},{},{},{},{},{},{},{},{},{},{}
78,{},{},{},{dot: 1},{},{},{dot: 1},{dot: 1},{},{dot: 1},{},{},{dot: 1},{},{},{},{},{},{},{},{},{},{},{},{},{}
79,{},{},{},{dot: 1},{},{},{dot: 1},{},{},{dot: 1},{},{},{dot: 1},{},{},{},{},{},{},{},{},{},{},{},{},{}
80,{},{},{},{dot: 1},{dot: 1},{},{dot: 1},{dot: 1},{},{dot: 1},{},{},{dot: 1},{},{},{},{},{},{},{},{},{},{},{},{},{}
81,{},{},{},{dot: 1},{},{},{dot: 1},{dot: 1},{},{dot: 1},{},{},{dot: 1},{},{},{},{},{},{},{},{},{},{},{},{},{}
82,{},{},{},{dot: 1},{dot: 1},{},{dot: 1},{},{},{dot: 1},{dot: 1},{},{dot: 1},{},{},{},{},{},{},{},{},{},{},{},{},{}
83,{},{},{},{dot: 1},{dot: 2},{},{dot: 1},{dot: 1},{},{dot: 1},{},{},{dot: 1},{},{},{},{},{},{},{},{},{},{},{},{},{}
84,{},{},{dot: 1},{dot: 1},{dot: 1},{},{dot: 1},{dot: 1},{},{dot: 1},{},{},{dot: 1},{},{},{},{},{},{},{},{},{},{},{},{},{}
85,{},{},{},{dot: 1},{},{dot: 1},{dot: 1},{dot: 1},{},{dot: 1},{},{},{dot: 1},{},{},{},{},{},{},{},{},{},{},{},{},{}
86,{},{},{},{dot: 1},{},{dot: 2},{dot: 1},{},{},{dot: 1},{},{},{dot: 1},{},{},{},{},{},{},{},{},{},{},{},{},{}
87,{},{},{},{dot: 1},{},{dot: 2},{dot: 1},{},{},{dot: 1},{},{},{dot: 1},{},{},{},{},{},{},{},{},{},{},{},{},{}
88,{},{},{},{dot: 1},{dot: 1},{dot: 1},{dot: 1},{dot: 1},{},{dot: 1},{},{},{dot: 1},{},{},{},{},{},{},{},{},{},{},{},{},{}
89,{},{},{},{dot: 1},{dot: 1},{},{dot: 1},{},{},{dot: 1},{dot: 1},{},{dot: 1},{},{},{},{},{},{},{},{},{},{},{},{},{}
90,{},{},{dot: 1},{dot: 1},{dot: 1},{},{dot: 1},{dot: 1},{},{dot: 1},{},{},{dot: 1},{},{},{},{},{},{},{},{},{},{},{},{},{}
91,{},{},{dot: 1},{dot: 1},{dot: 1},{},{dot: 1},{},{},{dot: 1},{dot: 1},{},{dot: 1},{},{},{},{},{},{},{},{},{},{},{},{},{}
92,{},{},{dot: 2},{dot: 1},{dot: 1},{},{dot: 1},{dot: 1},{},{dot: 1},{},{},{dot: 1},{},{},{},{},{},{},{},{},{},{},{},{},{}
93,{},{},{dot: 2},{dot: 1},{},{},{dot: 1},{},{},{dot: 1},{dot: 1},{},{dot: 1},{},{},{},{},{},{},{},{},{},{},{},{},{}
94,{},{},{dot: 2},{dot: 1},{dot: 2},{},{dot: 1},{},{},{dot: 1},{},{},{dot: 1},{},{},{},{},{},{},{},{},{},{},{},{},{}
95,{},{},{dot: 2},{dot: 1},{dot: 1},{},{dot: 1},{dot: 1},{},{dot: 1},{},{},{dot: 1},{},{},{},{},{},{},{},{},{},{},{},{},{}
96,{},{},{dot: 2},{dot: 1},{},{},{dot: 1},{dot: 1},{},{dot: 1},{},{},{dot: 1},{},{},{},{},{},{},{},{},{},{},{},{},{}
97,{},{},{dot: 1},{dot: 1},{dot: 1},{dot: 1},{dot: 1},{},{},{dot: 1},{},{},{dot: 1},{},{},{},{},{},{},{},{},{},{},{},{},{}
98,{},{},{},{dot: 1},{dot: 1},{dot: 1},{dot: 1},{},{},{dot: 1},{},{},{dot: 1},{},{},{},{},{},{},{},{},{},{},{},{},{}
99,{},{},{dot: 1},{dot: 1},{},{},{dot: 1},{dot: 1},{},{dot: 1},{},{},{dot: 1},{},{},{},{},{},{},{},{},{},{},{},{},{}
100,{},{},{dot: 1},{dot: 1},{},{dot: 1},{dot: 1},{},{},{dot: 1},{dot: 1},{},{dot: 1},{},{},{},{},{},{},{},{},{},{},{},{},{}
101,{},{},{},{dot: 1},{dot: 1},{},{dot: 1},{dot: 1},{},{dot: 1},{},{},{dot: 1},{},{},{},{},{},{},{},{},{},{},{},{},{}
102,{},{},{},{dot: 1},{},{},{dot: 1},{dot: 1},{},{dot: 1},{dot: 1},{},{dot: 1},{},{},{},{dot: 1},{},{},{},{},{},{},{},{},{}
103,{},{},{},{dot: 1},{dot: 1},{},{dot: 1},{dot: 1},{},{dot: 1},{},{},{dot: 1},{},{},{dot: 1},{},{},{},{},{},{},{},{},{},{}
104,{},{},{},{dot: 1},{dot: 1},{},{dot: 1},{},{},{dot: 1},{dot: 1},{},{dot: 1},{},{},{dot: 1},{},{},{},{},{},{},{},{},{},{}
105,{},{},{dot: 1},{dot: 1},{dot: 1},{},{dot: 1},{dot: 1},{},{dot: 1},{},{},{dot: 1},{},{},{dot: 1},{},{},{},{},{},{},{},{},{},{}
106,{},{},{},{dot: 1},{},{},{dot: 1},{dot: 1},{},{dot: 1},{dot: 1},{},{dot: 1},{},{},{dot: 1},{},{},{},{},{},{},{},{},{},{}
107,{},{},{},{dot: 1},{},{},{dot: 1},{},{},{dot: 1},{},{},{dot: 1},{},{},{dot: 1},{},{},{},{},{},{},{},{},{},{}
108,{},{},{},{dot: 1},{},{},{dot: 1},{dot: 1},{},{dot: 1},{},{},{dot: 1},{},{},{dot: 1},{},{},{},{},{},{},{},{},{},{}
109,{},{},{},{dot: 1},{},{},{dot: 1},{},{},{dot: 1},{dot: 1},{},{dot: 1},{},{},{dot: 1},{},{},{},{},{},{},{},{},{},{}
110,{},{},{},{dot: 1},{dot: 2},{},{dot: 1},{dot: 1},{},{dot: 1},{},{},{dot: 1},{},{},{dot: 1},{},{},{},{},{},{},{},{},{},{}
111,{},{},{},{dot: 1},{dot: 1},{},{dot: 1},{},{},{dot: 1},{dot: 1},{},{dot: 1},{},{},{dot: 1},{},{},{},{},{},{},{},{},{},{}
112,{},{},{},{dot: 1},{dot: 2},{},{dot: 1},{dot: 1},{},{dot: 1},{},{},{dot: 1},{},{},{dot: 1},{},{},{},{},{},{},{},{},{},{}
113,{},{},{},{dot: 1},{dot: 2},{dot: 1},{dot: 1},{},{},{dot: 1},{dot: 1},{},{dot: 1},{},{},{dot: 1},{},{},{},{},{},{},{},{},{},{}
114,{},{},{},{dot: 1},{dot: 1},{},{dot: 1},{dot: 1},{},{dot: 1},{dot: 1},{},{dot: 1},{},{},{dot: 1},{},{},{},{},{},{},{},{},{},{}
115,{},{},{dot: 1},{dot: 1},{},{dot: 1},{dot: 1},{},{},{dot: 1},{},{},{dot: 1},{},{},{dot: 1},{},{},{},{},{},{},{},{},{},{}
116,{},{},{},{dot: 1},{},{},{dot: 1},{dot: 1},{},{dot: 1},{},{},{dot: 1},{},{},{dot: 1},{},{},{},{},{},{},{},{},{},{}
117,{},{},{},{dot: 1},{dot: 1},{dot: 1},{dot: 1},{},{},{dot: 1},{},{},{dot: 1},{},{},{dot: 1},{},{},{},{},{},{},{},{},{},{}
118,{},{},{dot: 1},{dot: 1},{},{dot: 1},{dot: 1},{dot: 1},{},{dot: 1},{},{},{dot: 1},{},{},{dot: 1},{},{},{},{},{},{},{},{},{},{}
119,{},{},{},{dot: 1},{dot: 1},{dot: 1},{dot: 1},{},{},{dot: 1},{dot: 1},{},{dot: 1},{},{},{dot: 1},{},{},{},{},{},{},{},{},{},{}
120,{},{},{dot: 1},{dot: 1},{dot: 1},{},{dot: 1},{},{},{dot: 1},{},{},{dot: 1},{},{},{dot: 1},{},{},{},{},{},{},{},{},{},{}
121,{},{},{},{dot: 1},{dot: 1},{},{dot: 1},{dot: 1},{},{dot: 1},{},{},{dot: 1},{},{},{dot: 1},{},{},{},{},{},{},{},{},{},{}
122,{},{},{dot: 1},{dot: 1},{},{dot: 1},{dot: 1},{},{},{dot: 1},{},{},{dot: 1},{},{},{dot: 1},{},{},{},{},{},{},{},{},{},{}
123,{},{},{},{dot: 1},{dot: 1},{},{dot: 1},{dot: 1},{},{dot: 1},{},{},{dot: 1},{},{},{dot: 1},{},{},{},{},{},{},{},{},{},{}
124,{},{},{dot: 1},{dot: 1},{dot: 1},{},{dot: 1},{},{},{dot: 1},{dot: 1},{},{dot: 1},{},{},{dot: 1},{},{},{},{},{},{},{},{},{},{}
125,{},{},{dot: 2},{dot: 1},{},{},{dot: 1},{dot: 1},{},{dot: 1},{},{},{dot: 1},{},{},{dot: 1},{},{},{},{},{},{},{},{},{},{}
126,{},{},{dot: 1},{dot: 1},{dot: 1},{},{dot: 1},{},{},{dot: 1},{dot: 1},{},{dot: 1},{},{},{dot: 1},{},{},{},{},{},{},{},{},{},{}
127,{},{},{dot: 1},{dot: 1},{},{},{dot: 1},{dot: 1},{},{dot: 1},{},{},{dot: 1},{},{},{dot: 1},{},{},{},{},{},{},{},{},{},{}
128,{},{},{dot: 1},{dot: 1},{dot: 1},{},{dot: 1},{dot: 2},{},{dot: 1},{},{},{dot: 1},{},{},{dot: 1},{},{},{},{},{},{},{},{},{},{}
129,{},{},{dot: 1},{dot: 1},{dot: 1},{dot: 1},{dot: 1},{},{},{dot: 1},{dot: 1},{},{dot: 1},{},{},{dot: 1},{},{},{},{},{},{},{},{},{},{}
130,{},{},{dot: 1},{dot: 1},{dot: 1},{},{dot: 1},{dot: 1},{},{dot: 1},{},{},{dot: 1},{},{},{dot: 1},{},{},{},{},{},{},{},{},{},{}
131,{},{},{dot: 1},{dot: 1},{},{},{dot: 1},{dot: 1},{},{dot: 1},{},{},{dot: 1},{},{},{dot: 1},{},{},{},{},{},{},{},{},{},{}
132,{},{},{},{dot: 1},{dot: 1},{dot: 1},{dot: 1},{},{},{dot: 1},{dot: 1},{},{dot: 1},{},{},{dot: 1},{},{},{},{},{},{},{},{},{},{}
133,{},{},{dot: 1},{dot: 1},{},{},{dot: 1},{},{},{dot: 1},{},{},{dot: 1},{},{},{dot: 1},{},{},{},{},{},{},{},{},{},{}
134,{},{},{},{dot: 1},{dot: 1},{},{dot: 1},{},{},{dot: 1},{},{},{dot: 1},{},{},{dot: 1},{},{},{},{},{},{},{},{},{},{}
135,{},{},{},{dot: 1},{dot: 2},{},{dot: 1},{dot: 1},{},{dot: 1},{},{},{dot: 1},{},{},{dot: 1},{},{},{},{},{},{},{},{},{},{}
136,{},{},{dot: 1},{dot: 1},{},{},{dot: 1},{dot: 1},{},{dot: 1},{},{},{dot: 1},{},{},{dot: 1},{},{},{},{},{},{},{},{},{},{}
137,{},{},{dot: 1},{dot: 1},{dot: 1},{},{dot: 1},{dot: 1},{},{dot: 1},{},{},{dot: 1},{},{},{dot: 1},{},{},{},{},{},{},{},{},{},{}
138,{},{},{dot: 1},{dot: 1},{dot: 1},{},{dot: 1},{},{},{dot: 1},{},{},{dot: 1},{},{},{dot: 1},{},{},{},{},{},{},{},{},{},{}
139,{},{},{dot: 2},{dot: 1},{dot: 1},{},{dot: 1},{dot: 1},{},{dot: 1},{},{},{dot: 1},{},{},{dot: 1},{},{},{},{},{},{},{},{},{},{}
140,{},{},{dot: 2},{dot: 1},{},{},{dot: 1},{dot: 1},{},{dot: 1},{dot: 1},{},{dot: 1},{},{},{dot: 1},{},{},{},{},{},{},{},{},{},{}
141,{},{},{dot: 2},{dot: 1},{dot: 2},{dot: 1},{dot: 1},{},{},{dot: 1},{},{},{dot: 1},{},{},{dot: 1},{},{},{},{},{},{},{},{},{},{}
142,{},{},{dot: 2},{dot: 1},{},{},{dot: 1},{dot: 1},{},{dot: 1},{},{},{dot: 1},{},{},{dot: 1},{},{},{},{},{},{},{},{},{},{}
143,{},{},{dot: 2},{dot: 1},{dot: 1},{},{dot: 1},{},{},{dot: 1},{},{},{dot: 1},{},{},{dot: 1},{},{},{},{},{},{},{},{},{},{}
144,{},{},{dot: 3},{dot: 1},{dot: 1},{},{dot: 1},{},{},{dot: 1},{},{},{dot: 1},{},{},{dot: 1},{},{},{},{},{},{},{},{},{},{}
145,{},{},{dot: 2},{dot: 1},{dot: 1},{},{dot: 1},{},{},{dot: 1},{},{},{dot: 1},{},{},{dot: 1},{},{},{},{},{},{},{},{},{},{}
146,{},{},{dot: 1},{dot: 1},{dot: 1},{},{dot: 1},{},{},{dot: 1},{},{},{dot: 1},{},{},{dot: 1},{},{},{},{},{},{},{},{},{},{}
147,{},{},{dot: 1},{dot: 1},{dot: 1},{},{dot: 1},{dot: 1},{},{dot: 1},{},{},{dot: 1},{},{},{dot: 1},{},{},{},{},{},{},{},{},{},{}
148,{},{},{dot: 1},{dot: 1},{dot: 1},{dot: 1},{dot: 1},{dot: 1},{},{dot: 1},{},{},{dot: 1},{},{},{dot: 1},{},{},{},{},{},{},{},{},{},{}
149,{},{},{dot: 1},{dot: 1},{},{dot: 1},{dot: 1},{},{},{dot: 1},{dot: 1},{},{dot: 1},{},{},{dot: 1},{},{},{},{},{},{},{},{},{},{}
150,{},{},{},{dot: 1},{dot: 2},{},{dot: 1},{dot: 1},{},{dot: 1},{},{},{dot: 1},{},{},{dot: 1},{},{},{},{},{},{},{},{},{},{}
151,{},{},{dot: 1},{dot: 1},{dot: 2},{},{dot: 1},{dot: 1},{},{dot: 1},{dot: 1},{},{dot: 1},{},{},{dot: 1},{},{},{},{},{},{},{},{},{},{}
152,{},{},{dot: 1},{dot: 1},{dot: 2},{},{dot: 1},{dot: 2},{},{dot: 1},{},{},{dot: 1},{},{},{dot: 1},{},{},{},{},{},{},{},{},{},{}
153,{},{},{dot: 1},{dot: 1},{dot: 1},{},{dot: 1},{},{},{dot: 1},{dot: 1},{},{dot: 1},{},{},{dot: 1},{},{},{},{},{},{},{},{},{},{}
154,{},{},{dot: 1},{dot: 1},{},{},{dot: 1},{},{},{dot: 1},{},{},{dot: 1},{},{},{dot: 1},{},{},{},{},{},{},{},{},{},{}
155,{},{},{},{dot: 1},{dot: 1},{},{dot: 1},{dot: 1},{},{dot: 1},{},{},{dot: 1},{},{},{dot: 1},{},{},{},{},{},{},{},{},{},{}
156,{},{},{dot: 1},{dot: 1},{},{dot: 1},{dot: 1},{},{},{dot: 1},{},{},{dot: 1},{},{},{dot: 1},{},{},{},{},{},{},{},{},{},{}
157,{},{},{},{dot: 1},{dot: 1},{},{dot: 1},{dot: 1},{},{dot: 1},{},{},{dot: 1},{},{},{dot: 1},{},{},{},{},{},{},{},{},{},{}
158,{},{},{},{dot: 1},{dot: 1},{},{dot: 1},{dot: 1},{},{dot: 1},{dot: 1},{},{dot: 1},{},{},{dot: 1},{},{},{},{},{},{},{},{},{},{}
159,{},{},{dot: 1},{dot: 1},{dot: 1},{},{dot: 1},{},{},{dot: 1},{dot: 1},{},{dot: 1},{},{},{dot: 1},{},{},{},{},{},{},{},{},{},{}
160,{},{},{},{dot: 1},{dot: 3},{},{dot: 1},{},{},{dot: 1},{},{},{dot: 1},{},{},{dot: 1},{},{},{},{},{},{},{},{},{},{}
161,{},{},{dot: 1},{dot: 1},{dot: 2},{},{dot: 1},{},{},{dot: 1},{},{},{dot: 1},{},{},{dot: 1},{},{},{},{},{},{},{},{},{},{}
162,{},{},{dot: 1},{dot: 1},{dot: 1},{},{dot: 1},{},{},{dot: 1},{},{},{dot: 1},{},{},{dot: 1},{},{},{},{},{},{},{},{},{},{}
163,{},{},{dot: 2},{dot: 1},{},{},{dot: 1},{dot: 1},{},{dot: 1},{},{},{dot: 1},{},{},{dot: 1},{},{},{},{},{},{},{},{},{},{}
164,{},{},{dot: 2},{dot: 1},{dot: 1},{},{dot: 1},{dot: 1},{},{dot: 1},{},{},{dot: 1},{},{},{dot: 1},{},{},{},{},{},{},{},{},{},{}
165,{},{},{dot: 1},{dot: 1},{dot: 1},{},{dot: 1},{},{},{dot: 1},{dot: 1},{},{dot: 1},{},{},{dot: 1},{},{},{},{},{},{},{},{},{},{}
166,{},{},{},{dot: 1},{dot: 1},{},{dot: 1},{},{},{dot: 1},{},{},{dot: 1},{},{},{dot: 1},{},{},{},{},{},{},{},{},{},{}
167,{},{},{dot: 1},{dot: 1},{dot: 1},{},{dot: 1},{},{},{dot: 1},{},{},{dot: 1},{},{},{dot: 1},{},{},{},{},{},{},{},{},{},{}
168,{},{},{dot: 2},{dot: 1},{},{},{dot: 1},{dot: 1},{},{dot: 1},{},{},{dot: 1},{},{},{dot: 1},{},{},{},{},{},{},{},{},{},{}
169,{},{},{dot: 2},{dot: 1},{dot: 1},{},{dot: 1},{},{},{dot: 1},{dot: 1},{},{dot: 1},{},{},{dot: 1},{},{},{},{},{},{},{},{},{},{}
170,{},{},{dot: 2},{dot: 1},{dot: 1},{},{dot: 1},{dot: 1},{},{dot: 1},{},{},{dot: 1},{},{},{dot: 1},{},{},{},{},{},{},{},{},{},{}
171,{},{},{dot: 2},{dot: 1},{dot: 1},{},{dot: 1},{dot: 1},{},{dot: 1},{},{},{dot: 1},{},{},{dot: 1},{},{},{},{},{},{},{},{},{},{}
172,{},{},{dot: 2},{dot: 1},{},{dot: 1},{dot: 1},{dot: 1},{},{dot: 1},{},{},{dot: 1},{},{},{dot: 1},{},{},{},{},{},{},{},{},{},{}
173,{},{},{dot: 1},{dot: 1},{dot: 1},{dot: 2},{dot: 1},{},{},{dot: 1},{},{},{dot: 1},{},{},{dot: 1},{},{},{},{},{},{},{},{},{},{}
174,{},{},{dot: 1},{dot: 1},{},{dot: 1},{dot: 1},{dot: 1},{},{dot: 1},{},{},{dot: 1},{},{},{dot: 1},{},{},{},{},{},{},{},{},{},{}
175,{},{},{dot: 1},{dot: 1},{dot: 1},{dot: 1},{dot: 1},{},{},{dot: 1},{},{},{dot: 1},{},{},{dot: 1},{},{},{},{},{},{},{},{},{},{}
176,{},{},{dot: 1},{dot: 1},{dot: 1},{},{dot: 1},{dot: 1},{},{dot: 1},{},{},{dot: 1},{},{},{dot: 1},{},{},{},{},{},{},{},{},{},{}
177,{},{},{dot: 1},{dot: 1},{},{},{dot: 1},{dot: 1},{},{dot: 1},{},{},{dot: 1},{},{},{dot: 1},{},{},{},{},{},{},{},{},{},{}
178,{},{},{},{dot: 1},{dot: 1},{dot: 1},{dot: 1},{},{},{dot: 1},{dot: 1},{},{dot: 1},{},{},{dot: 1},{},{},{},{},{},{},{},{},{},{}
179,{},{},{dot: 1},{dot: 1},{dot: 1},{dot: 1},{dot: 1},{dot: 1},{},{dot: 1},{},{},{dot: 1},{},{},{dot: 1},{},{},{},{},{},{},{},{},{},{}
180,{},{},{dot: 1},{dot: 1},{dot: 1},{dot: 2},{dot: 1},{},{},{dot: 1},{dot: 1},{},{dot: 1},{},{},{dot: 1},{},{},{},{},{},{},{},{},{},{}
181,{},{},{dot: 1},{dot: 1},{dot: 1},{dot: 2},{dot: 1},{dot: 1},{},{dot: 1},{},{},{dot: 1},{},{},{dot: 1},{},{},{},{},{},{},{},{},{},{}
182,{},{},{dot: 1},{dot: 1},{},{dot: 1},{dot: 1},{},{},{dot: 1},{dot: 1},{},{dot: 1},{},{},{dot: 1},{},{},{},{},{},{},{},{},{},{}
183,{},{},{},{dot: 1},{dot: 2},{},{dot: 1},{},{},{dot: 1},{},{},{dot: 1},{},{},{dot: 1},{},{},{},{},{},{},{},{},{},{}
184,{},{},{},{dot: 1},{dot: 2},{},{dot: 1},{dot: 1},{},{dot: 1},{},{},{dot: 1},{},{},{dot: 1},{},{},{},{},{},{},{},{},{},{}
185,{},{},{dot: 1},{dot: 1},{},{dot: 1},{dot: 1},{},{},{dot: 1},{},{},{dot: 1},{},{},{dot: 1},{},{},{},{},{},{},{},{},{},{}
186,{},{},{},{dot: 1},{dot: 1},{},{dot: 1},{dot: 1},{},{dot: 1},{},{},{dot: 1},{},{},{dot: 1},{},{},{},{},{},{},{},{},{},{}
187,{},{},{dot: 1},{dot: 1},{},{dot: 1},{dot: 1},{},{},{dot: 1},{dot: 1},{},{dot: 1},{},{},{dot: 1},{},{},{},{},{},{},{},{},{},{}
188,{},{},{},{dot: 1},{dot: 1},{},{dot: 1},{dot: 1},{},{dot: 1},{},{},{dot: 1},{},{},{dot: 1},{},{},{},{},{},{},{},{},{},{}
189,{},{},{dot: 1},{dot: 1},{},{},{dot: 1},{},{},{dot: 1},{dot: 1},{},{dot: 1},{},{},{dot: 1},{},{},{},{},{},{},{},{},{},{}
190,{},{},{},{dot: 1},{},{},{dot: 1},{},{},{dot: 1},{dot: 1},{},{dot: 1},{},{},{dot: 1},{},{},{},{},{},{},{},{},{},{}
191,{},{},{},{dot: 1},{},{},{dot: 1},{dot: 1},{},{dot: 1},{},{},{dot: 1},{},{},{dot: 1},{},{},{},{},{},{},{},{},{},{}
192,{},{},{},{dot: 1},{},{dot: 1},{dot: 1},{},{},{dot: 1},{},{},{dot: 1},{},{},{dot: 1},{},{},{},{},{},{},{},{},{},{}
193,{},{},{},{dot: 1},{dot: 1},{},{dot: 1},{dot: 1},{},{dot: 1},{},{},{dot: 1},{},{},{dot: 1},{},{},{},{},{},{},{},{},{},{}
194,{},{},{dot: 1},{dot: 1},{dot: 1},{},{dot: 1},{dot: 1},{},{dot: 1},{dot: 1},{},{dot: 1},{},{},{dot: 1},{},{},{},{},{},{},{},{},{},{}
195,{},{},{dot: 1},{dot: 1},{dot: 2},{dot: 1},{dot: 1},{},{},{dot: 1},{},{},{dot: 1},{},{},{dot: 1},{},{},{},{},{},{},{},{},{},{}
196,{},{},{dot: 1},{dot: 1},{dot: 1},{},{dot: 1},{dot: 1},{},{dot: 1},{},{},{dot: 1},{},{},{dot: 1},{},{},{},{},{},{},{},{},{},{}
197,{},{},{dot: 1},{dot: 1},{dot: 1},{},{dot: 1},{},{},{dot: 1},{dot: 1},{},{dot: 1},{},{},{dot: 1},{},{},{},{},{},{},{},{},{},{}
198,{},{},{},{dot: 1},{dot: 1},{},{dot: 1},{dot: 1},{},{dot: 1},{},{},{dot: 1},{},{},{dot: 1},{},{},{},{},{},{},{},{},{},{}
199,{},{},{},{dot: 1},{},{},{dot: 1},{dot: 1},{},{dot: 1},{dot: 1},{},{dot: 1},{},{},{dot: 1},{},{},{},{},{},{},{},{},{},{}
200,{},{},{},{dot: 1},{dot: 2},{},{dot: 1},{},{},{dot: 1},{},{},{dot: 1},{},{},{dot: 1},{},{},{},{},{},{},{},{},{},{}
201,{},{},{dot: 1},{dot: 1},{dot: 1},{},{dot: 1},{dot: 1},{},{dot: 1},{},{},{dot: 1},{},{},{dot: 1},{},{},{},{},{},{},{},{},{},{}
202,{},{},{},{dot: 1},{},{dot: 1},{dot: 1},{},{},{dot: 1},{dot: 1},{},{dot: 1},{},{},{dot: 1},{},{},{},{},{},{},{},{},{},{}
203,{},{},{},{dot: 1},{dot: 1},{},{dot: 1},{dot: 1},{},{dot: 1},{dot: 1},{},{dot: 1},{},{},{dot: 1},{},{},{},{},{},{},{},{},{},{}
204,{},{},{},{dot: 1},{dot: 2},{},{dot: 1},{},{},{dot: 1},{dot: 1},{},{dot: 1},{},{},{dot: 1},{},{},{},{},{},{},{},{},{},{}
205,{},{},{dot: 1},{dot: 1},{dot: 2},{},{dot: 1},{},{},{dot: 1},{},{},{dot: 1},{},{},{dot: 1},{},{},{},{},{},{},{},{},{},{}
206,{},{},{dot: 1},{dot: 1},{dot: 1},{},{dot: 1},{dot: 1},{},{dot: 1},{},{},{dot: 1},{},{},{dot: 1},{},{},{},{},{},{},{},{},{},{}
207,{},{},{dot: 1},{dot: 1},{},{dot: 1},{dot: 1},{dot: 1},{},{dot: 1},{},{},{dot: 1},{},{},{dot: 1},{},{},{},{},{},{},{},{},{},{}
208,{},{},{},{dot: 1},{},{dot: 1},{dot: 1},{},{},{dot: 1},{},{},{dot: 1},{},{},{dot: 1},{},{},{},{},{},{},{},{},{},{}
209,{},{},{},{dot: 1},{dot: 1},{},{dot: 1},{dot: 1},{},{dot: 1},{},{},{dot: 1},{},{},{dot: 1},{},{},{},{},{},{},{},{},{},{}
210,{},{},{dot: 1},{dot: 1},{},{},{dot: 1},{dot: 1},{},{dot: 1},{},{},{dot: 1},{},{},{dot: 1},{},{},{},{},{},{},{},{},{},{}
211,{},{},{dot: 1},{dot: 1},{dot: 1},{},{dot: 1},{},{},{dot: 1},{dot: 1},{},{dot: 1},{},{},{dot: 1},{},{},{},{},{},{},{},{},{},{}
212,{},{},{dot: 2},{dot: 1},{},{},{dot: 1},{dot: 1},{},{dot: 1},{},{},{dot: 1},{},{},{dot: 1},{},{},{},{},{},{},{},{},{},{}
213,{},{},{dot: 1},{dot: 1},{dot: 1},{dot: 1},{dot: 1},{},{},{dot: 1},{dot: 1},{},{dot: 1},{},{},{dot: 1},{},{},{},{},{},{},{},{},{},{}
214,{},{},{},{dot: 1},{dot: 2},{},{dot: 1},{},{},{dot: 1},{},{},{dot: 1},{},{},{dot: 1},{},{},{},{},{},{},{},{},{},{}
215,{},{},{},{dot: 1},{dot: 2},{},{dot: 1},{dot: 1},{},{dot: 1},{},{},{dot: 1},{},{},{dot: 1},{},{},{},{},{},{},{},{},{},{}
216,{},{},{dot: 1},{dot: 1},{dot: 1},{},{dot: 1},{dot: 1},{},{dot: 1},{},{},{dot: 1},{},{},{dot: 1},{},{},{},{},{},{},{},{},{},{}
217,{},{},{dot: 2},{dot: 1},{dot: 1},{},{dot: 1},{},{},{dot: 1},{dot: 1},{},{dot: 1},{},{},{dot: 1},{},{},{},{},{},{},{},{},{},{}
218,{},{},{dot: 2},{dot: 1},{dot: 2},{},{dot: 1},{dot: 1},{},{dot: 1},{},{},{dot: 1},{},{},{dot: 1},{},{},{},{},{},{},{},{},{},{}
219,{},{},{dot: 2},{dot: 1},{dot: 1},{},{dot: 1},{dot: 1},{},{dot: 1},{},{},{dot: 1},{},{},{dot: 1},{},{},{},{},{},{},{},{},{},{}
220,{},{},{dot: 2},{dot: 1},{dot: 1},{dot: 1},{dot: 1},{},{},{dot: 1},{},{},{dot: 1},{},{},{dot: 1},{},{},{},{},{},{},{},{},{},{}
221,{},{},{dot: 1},{dot: 1},{dot: 1},{},{dot: 1},{dot: 1},{},{dot: 1},{},{},{dot: 1},{},{},{dot: 1},{},{},{},{},{},{},{},{},{},{}
222,{},{},{dot: 1},{dot: 1},{dot: 1},{dot: 1},{dot: 1},{},{},{dot: 1},{dot: 1},{},{dot: 1},{},{},{dot: 1},{},{},{},{},{},{},{},{},{},{}
223,{},{},{},{dot: 1},{dot: 1},{dot: 1},{dot: 1},{dot: 1},{},{dot: 1},{},{},{dot: 1},{},{},{dot: 1},{},{},{},{},{},{},{},{},{},{}
224,{},{},{},{dot: 1},{dot: 1},{},{dot: 1},{},{},{dot: 1},{dot: 1},{},{dot: 1},{},{},{dot: 1},{},{},{},{},{},{},{},{},{},{}
225,{},{},{},{dot: 1},{dot: 1},{},{dot: 1},{},{},{dot: 1},{},{},{dot: 1},{},{},{dot: 1},{},{},{},{},{},{},{},{},{},{}
226,{},{},{},{dot: 1},{dot: 1},{},{dot: 1},{dot: 1},{},{dot: 1},{},{},{dot: 1},{},{},{dot: 1},{},{},{},{},{},{},{},{},{},{}
227,{},{},{dot: 1},{dot: 1},{},{dot: 1},{dot: 1},{},{},{dot: 1},{dot: 1},{},{dot: 1},{},{},{dot: 1},{},{},{},{},{},{},{},{},{},{}
228,{},{},{dot: 1},{dot: 1},{},{},{dot: 1},{dot: 1},{},{dot: 1},{},{},{dot: 1},{},{},{dot: 1},{},{},{},{},{},{},{},{},{},{}
229,{},{},{},{dot: 1},{dot: 1},{},{dot: 1},{dot: 1},{},{dot: 1},{dot: 1},{},{dot: 1},{},{},{dot: 1},{},{},{},{},{},{},{},{},{},{}
230,{},{},{dot: 1},{dot: 1},{},{},{dot: 1},{},{},{dot: 1},{dot: 1},{},{dot: 1},{},{},{dot: 1},{},{},{},{},{},{},{},{},{},{}
231,{},{},{},{dot: 1},{dot: 2},{},{dot: 1},{dot: 1},{},{dot: 1},{},{},{dot: 1},{},{},{dot: 1},{},{},{},{},{},{},{},{},{},{}
232,{},{},{dot: 1},{dot: 1},{dot: 1},{dot: 1},{dot: 1},{dot: 1},{},{dot: 1},{},{},{dot: 1},{},{},{dot: 1},{},{},{},{},{},{},{},{},{},{}
233,{},{},{dot: 1},{dot: 1},{dot: 2},{dot: 1},{dot: 1},{},{},{dot: 1},{},{},{dot: 1},{},{},{dot: 1},{},{},{},{},{},{},{},{},{},{}
234,{},{},{dot: 1},{dot: 1},{},{},{dot: 1},{dot: 1},{},{dot: 1},{},{},{dot: 1},{},{},{dot: 1},{},{},{},{},{},{},{},{},{},{}
235,{},{},{dot: 1},{dot: 1},{},{},{dot: 1},{},{},{dot: 1},{dot: 1},{},{dot: 1},{},{},{dot: 1},{},{},{},{},{},{},{},{},{},{}
236,{},{},{},{dot: 1},{dot: 1},{},{dot: 1},{dot: 1},{},{dot: 1},{dot: 1},{},{dot: 1},{},{},{dot: 1},{},{},{},{},{},{},{},{},{},{}
237,{},{},{dot: 1},{dot: 1},{dot: 1},{dot: 1},{dot: 1},{},{},{dot: 1},{},{},{dot: 1},{},{},{dot: 1},{},{},{},{},{},{},{},{},{},{}
238,{},{},{dot: 1},{dot: 1},{dot: 1},{},{dot: 1},{dot: 1},{},{dot: 1},{},{},{dot: 1},{},{},{dot: 1},{},{},{},{},{},{},{},{},{},{}
239,{},{},{dot: 1},{dot: 1},{},{dot: 1},{dot: 1},{},{},{dot: 1},{dot: 1},{},{dot: 1},{},{},{dot: 1},{},{},{},{},{},{},{},{},{},{}
240,{},{},{},{dot: 1},{dot: 1},{},{dot: 1},{dot: 1},{},{dot: 1},{},{},{dot: 1},{},{},{dot: 1},{},{},{},{},{},{},{},{},{},{}
241,{},{},{dot: 1},{dot: 1},{},{dot: 1},{dot: 1},{},{},{dot: 1},{dot: 1},{},{dot: 1},{},{},{dot: 1},{},{},{},{},{},{},{},{},{},{}
242,{},{},{dot: 1},{dot: 1},{dot: 2},{dot: 1},{dot: 1},{dot: 1},{},{dot: 1},{},{},{dot: 1},{},{},{dot: 1},{},{},{},{},{},{},{},{},{},{}
243,{},{},{dot: 1},{dot: 1},{dot: 2},{},{dot: 1},{},{},{dot: 1},{},{},{dot: 1},{},{},{dot: 1},{},{},{},{},{},{},{},{},{},{}
244,{},{},{},{dot: 1},{dot: 2},{},{dot: 1},{dot: 1},{},{dot: 1},{},{},{dot: 1},{},{},{dot: 1},{},{},{},{},{},{},{},{},{},{}
245,{},{},{dot: 1},{dot: 1},{dot: 1},{},{dot: 1},{dot: 1},{},{dot: 1},{dot: 1},{},{dot: 1},{},{},{dot: 1},{},{},{},{},{},{},{},{},{},{}
246,{},{},{dot: 1},{dot: 1},{dot: 1},{},{dot: 1},{dot: 1},{},{dot: 1},{dot: 1},{},{dot: 1},{},{},{dot: 1},{},{},{},{},{},{},{},{},{},{}
247,{},{},{},{dot: 1},{},{},{dot: 1},{},{},{dot: 1},{dot: 1},{},{dot: 1},{},{},{dot: 1},{},{},{},{},{},{},{},{},{},{}
248,{},{},{},{dot: 1},{dot: 1},{},{dot: 1},{dot: 1},{},{dot: 1},{},{},{dot: 1},{},{},{dot: 1},{},{},{},{},{},{},{},{},{},{}
249,{},{},{dot: 1},{dot: 1},{},{dot: 1},{dot: 1},{},{},{dot: 1},{},{},{dot: 1},{},{},{dot: 1},{},{},{},{},{},{},{},{},{},{}
250,{},{},{},{dot: 1},{dot: 1},{},{dot: 1},{dot: 1},{},{dot: 1},{},{},{dot: 1},{},{},{dot: 1},{},{},{},{},{},{},{},{},{},{}
251,{},{},{dot: 1},{dot: 1},{dot: 1},{},{dot: 1},{dot: 1},{},{dot: 1},{},{},{dot: 1},{},{},{dot: 1},{},{},{},{},{},{},{},{},{},{}
252,{},{},{},{dot: 1},{dot: 1},{dot: 1},{dot: 1},{dot: 1},{},{dot: 1},{},{},{dot: 1},{},{},{dot: 1},{},{},{},{},{},{},{},{},{},{}
253,{},{},{dot: 1},{dot: 1},{},{},{dot: 1},{dot: 1},{},{dot: 1},{},{},{dot: 1},{},{},{dot: 1},{},{},{},{},{},{},{},{},{},{}
254,{},{},{},{dot: 1},{},{dot: 1},{dot: 1},{dot: 1},{},{dot: 1},{},{},{dot: 1},{},{},{dot: 1},{},{},{},{},{},{},{},{},{},{}
255,{},{},{},{dot: 1},{dot: 1},{},{dot: 1},{dot: 1},{},{dot: 1},{dot: 1},{},{dot: 1},{},{},{dot: 1},{},{},{},{},{},{},{},{},{},{}
256,{},{},{dot: 1},{dot: 1},{dot: 1},{},{dot: 1},{},{},{dot: 1},{dot: 1},{},{dot: 1},{},{},{dot: 1},{},{},{},{},{},{},{},{},{},{}
257,{},{},{dot: 1},{dot: 1},{},{},{dot: 1},{dot: 1},{},{dot: 1},{},{},{dot: 1},{},{},{dot: 1},{},{},{},{},{},{},{},{},{},{}
258,{},{},{},{dot: 1},{},{},{dot: 1},{},{},{dot: 1},{dot: 1},{},{dot: 1},{},{},{dot: 1},{},{},{},{},{},{},{},{},{},{}
259,{},{},{},{dot: 1},{dot: 1},{},{dot: 1},{},{},{dot: 1},{dot: 1},{},{dot: 1},{},{},{dot: 1},{},{},{},{},{},{},{},{},{},{}
260,{},{},{},{dot: 1},{dot: 1},{},{dot: 1},{dot: 1},{},{dot: 1},{},{},{dot: 1},{},{},{dot: 1},{},{},{},{},{},{},{},{},{},{}
261,{},{},{},{dot: 1},{dot: 2},{dot: 1},{dot: 1},{},{},{dot: 1},{},{},{dot: 1},{},{},{dot: 1},{},{},{},{},{},{},{},{},{},{}
262,{},{},{dot: 1},{dot: 1},{dot: 2},{},{dot: 1},{dot: 1},{},{dot: 1},{},{},{dot: 1},{},{},{dot: 1},{},{},{},{},{},{},{},{},{},{}
263,{},{},{dot: 1},{dot: 1},{dot: 2},{},{dot: 1},{},{},{dot: 1},{dot: 1},{},{dot: 1},{},{},{dot: 1},{},{},{},{},{},{},{},{},{},{}
264,{},{},{},{dot: 1},{dot: 2},{},{dot: 1},{dot: 1},{},{dot: 1},{},{},{dot: 1},{},{},{dot: 1},{},{},{},{},{},{},{},{},{},{}
265,{},{},{},{dot: 1},{dot: 3},{},{dot: 1},{dot: 1},{},{dot: 1},{dot: 1},{},{dot: 1},{},{},{dot: 1},{},{},{},{},{},{},{},{},{},{}
266,{},{},{dot: 1},{dot: 1},{dot: 1},{},{dot: 1},{dot: 1},{},{dot: 1},{},{},{dot: 1},{},{},{dot: 1},{},{},{},{},{},{},{},{},{},{}
267,{},{},{dot: 1},{dot: 1},{dot: 1},{dot: 1},{dot: 1},{},{},{dot: 1},{},{},{dot: 1},{},{},{dot: 1},{},{},{},{},{},{},{},{},{},{}
268,{},{},{},{dot: 1},{},{},{dot: 1},{dot: 1},{},{dot: 1},{},{},{dot: 1},{},{},{dot: 1},{},{},{},{},{},{},{},{},{},{}
269,{},{},{},{dot: 1},{dot: 1},{dot: 1},{dot: 1},{dot: 1},{},{dot: 1},{},{},{dot: 1},{},{},{dot: 1},{},{},{},{},{},{},{},{},{},{}
270,{},{},{},{dot: 1},{},{dot: 1},{dot: 1},{},{},{dot: 1},{dot: 1},{},{dot: 1},{},{},{dot: 1},{},{},{},{},{},{},{},{},{},{}
271,{},{},{},{dot: 1},{dot: 1},{},{dot: 1},{dot: 1},{},{dot: 1},{dot: 1},{},{dot: 1},{},{},{dot: 1},{},{},{},{},{},{},{},{},{},{}
272,{},{},{dot: 1},{dot: 1},{dot: 2},{dot: 1},{dot: 1},{},{},{dot: 1},{},{},{dot: 1},{},{},{dot: 1},{},{},{},{},{},{},{},{},{},{}
273,{},{},{dot: 2},{dot: 1},{},{},{dot: 1},{dot: 1},{},{dot: 1},{},{},{dot: 1},{},{},{dot: 1},{},{},{},{},{},{},{},{},{},{}
274,{},{},{dot: 1},{dot: 1},{dot: 1},{dot: 1},{dot: 1},{dot: 1},{},{dot: 1},{},{},{dot: 1},{},{},{dot: 1},{},{},{},{},{},{},{},{},{},{}
275,{},{},{dot: 1},{dot: 1},{},{},{dot: 1},{},{},{dot: 1},{dot: 1},{},{dot: 1},{},{},{dot: 1},{},{},{},{},{},{},{},{},{},{}
276,{},{},{},{dot: 1},{dot: 1},{},{dot: 1},{dot: 1},{},{dot: 1},{},{},{dot: 1},{},{},{dot: 1},{},{},{},{},{},{},{},{},{},{}
277,{},{},{dot: 1},{dot: 1},{},{dot: 1},{dot: 1},{},{},{dot: 1},{},{},{dot: 1},{},{},{dot: 1},{},{},{},{},{},{},{},{},{},{}
278,{},{},{dot: 1},{dot: 1},{},{},{dot: 1},{dot: 1},{},{dot: 1},{},{},{dot: 1},{},{},{dot: 1},{},{},{},{},{},{},{},{},{},{}
279,{},{},{},{dot: 1},{dot: 1},{dot: 1},{dot: 1},{dot: 1},{},{dot: 1},{},{},{dot: 1},{},{},{dot: 1},{},{},{},{},{},{},{},{},{},{}
280,{},{},{},{dot: 1},{dot: 1},{dot: 1},{dot: 1},{},{},{dot: 1},{dot: 1},{},{dot: 1},{},{},{dot: 1},{},{},{},{},{},{},{},{},{},{}
281,{},{},{dot: 1},{dot: 1},{},{},{dot: 1},{dot: 1},{},{dot: 1},{},{},{dot: 1},{},{},{dot: 1},{},{},{},{},{},{},{},{},{},{}
282,{},{},{},{dot: 1},{dot: 1},{},{dot: 1},{},{},{dot: 1},{dot: 1},{},{dot: 1},{},{},{dot: 1},{},{},{},{},{},{},{},{},{},{}
283,{},{},{dot: 1},{dot: 1},{},{},{dot: 1},{dot: 1},{},{dot: 1},{},{},{dot: 1},{},{},{dot: 1},{},{},{},{},{},{},{},{},{},{}
284,{},{},{dot: 1},{dot: 1},{},{},{dot: 1},{},{},{dot: 1},{},{},{dot: 1},{},{},{dot: 1},{},{},{},{},{},{},{},{},{},{}
285,{},{},{},{dot: 1},{dot: 1},{},{dot: 1},{dot: 1},{},{dot: 1},{},{},{dot: 1},{},{},{dot: 1},{},{},{},{},{},{},{},{},{},{}
286,{},{},{},{dot: 1},{dot: 1},{},{dot: 1},{},{},{dot: 1},{dot: 1},{},{dot: 1},{},{},{dot: 1},{},{},{},{},{},{},{},{},{},{}
287,{},{},{dot: 1},{dot: 1},{},{},{dot: 1},{dot: 1},{},{dot: 1},{},{},{dot: 1},{},{},{dot: 1},{},{},{},{},{},{},{},{},{},{}
288,{},{},{},{dot: 1},{dot: 1},{dot: 1},{dot: 1},{},{},{dot: 1},{},{},{dot: 1},{},{},{dot: 1},{},{},{},{},{},{},{},{},{},{}
289,{},{},{},{dot: 1},{},{dot: 1},{dot: 1},{},{},{dot: 1},{},{},{dot: 1},{},{},{dot: 1},{},{},{},{},{},{},{},{},{},{}
290,{},{},{},{dot: 1},{dot: 1},{},{dot: 1},{dot: 1},{},{dot: 1},{},{},{dot: 1},{},{},{dot: 1},{},{},{},{},{},{},{},{},{},{}
291,{},{},{dot: 1},{dot: 1},{},{},{dot: 1},{},{},{dot: 1},{},{},{dot: 1},{},{},{dot: 1},{},{},{},{},{},{},{},{},{},{}
292,{},{},{},{dot: 1},{dot: 1},{},{dot: 1},{},{},{dot: 1},{},{},{dot: 1},{},{},{dot: 1},{},{},{},{},{},{},{},{},{},{}
293,{},{},{dot: 1},{dot: 1},{},{},{dot: 1},{dot: 1},{},{dot: 1},{},{},{dot: 1},{},{},{dot: 1},{},{},{},{},{},{},{},{},{},{}
294,{},{},{dot: 1},{dot: 1},{},{dot: 1},{dot: 1},{},{},{dot: 1},{dot: 1},{},{dot: 1},{},{},{dot: 1},{},{},{},{},{},{},{},{},{},{}
295,{},{},{},{dot: 1},{dot: 1},{dot: 1},{dot: 1},{},{},{dot: 1},{},{},{dot: 1},{},{},{dot: 1},{},{},{},{},{},{},{},{},{},{}
296,{},{},{dot: 1},{dot: 1},{},{},{dot: 1},{dot: 1},{},{dot: 1},{},{},{dot: 1},{},{},{dot: 1},{},{},{},{},{},{},{},{},{},{}
297,{},{},{dot: 1},{dot: 1},{dot: 1},{dot: 1},{dot: 1},{},{},{dot: 1},{dot: 1},{},{dot: 1},{},{},{dot: 1},{},{},{},{},{},{},{},{},{},{}
298,{},{},{dot: 1},{dot: 1},{},{},{dot: 1},{dot: 1},{},{dot: 1},{},{},{dot: 1},{},{},{dot: 1},{},{},{},{},{},{},{},{},{},{}
299,{},{},{},{dot: 1},{dot: 1},{dot: 1},{dot: 1},{dot: 1},{},{dot: 1},{},{},{dot: 1},{},{},{dot: 1},{},{},{},{},{},{},{},{},{},{}
300,{},{},{},{dot: 1},{dot: 1},{dot: 1},{dot: 1},{},{},{dot: 1},{dot: 1},{},{dot: 1},{},{},{dot: 1},{},{},{},{},{},{},{},{},{},{}
301,{},{},{dot: 1},{dot: 1},{},{},{dot: 1},{dot: 1},{},{dot: 1},{},{},{dot: 1},{},{},{dot: 1},{},{},{},{},{},{},{},{},{},{}
302,{},{},{dot: 1},{dot: 1},{},{},{dot: 1},{dot: 1},{},{dot: 1},{dot: 1},{},{dot: 1},{},{},{dot: 1},{},{},{},{},{dot: 1},{},{},{},{dot: 1},{}
303,{},{},{dot: 1},{dot: 1},{dot: 1},{},{dot: 1},{dot: 1},{},{dot: 1},{dot: 1},{},{dot: 1},{},{},{dot: 1},{},{},{},{dot: 1},{},{},{},{dot: 1},{},{}
304,{},{},{dot: 1},{dot: 1},{},{},{dot: 1},{dot: 1},{},{dot: 1},{},{},{dot: 1},{},{},{dot: 1},{},{},{},{dot: 1},{},{},{},{dot: 1},{},{}
305,{},{},{},{dot: 1},{dot: 1},{},{dot: 1},{dot: 1},{},{dot: 1},{dot: 1},{},{dot: 1},{},{},{dot: 1},{},{},{},{dot: 1},{},{},{},{dot: 1},{},{}
306,{},{},{dot: 1},{dot: 1},{dot: 2},{dot: 1},{dot: 1},{},{},{dot: 1},{},{},{dot: 1},{},{},{dot: 1},{},{},{},{dot: 1},{},{},{},{dot: 1},{},{}
307,{},{},{dot: 1},{dot: 1},{},{},{dot: 1},{dot: 1},{},{dot: 1},{},{},{dot: 1},{},{},{dot: 1},{},{},{},{dot: 1},{},{},{},{dot: 1},{},{}
308,{},{},{},{dot: 1},{},{},{dot: 1},{},{},{dot: 1},{},{},{dot: 1},{},{},{dot: 1},{},{},{},{dot: 1},{},{},{},{dot: 1},{},{}
309,{},{},{},{dot: 1},{dot: 1},{},{dot: 1},{dot: 1},{},{dot: 1},{},{},{dot: 1},{},{},{dot: 1},{},{},{},{dot: 1},{},{},{},{dot: 1},{},{}
310,{},{},{},{dot: 1},{},{dot: 1},{dot: 1},{},{},{dot: 1},{},{},{dot: 1},{},{},{dot: 1},{},{},{},{dot: 1},{},{},{},{dot: 1},{},{}
311,{},{},{},{dot: 1},{},{},{dot: 1},{},{},{dot: 1},{},{},{dot: 1},{},{},{dot: 1},{},{},{},{dot: 1},{},{},{},{dot: 1},{},{}
312,{},{},{},{dot: 1},{},{},{dot: 1},{dot: 1},{},{dot: 1},{},{},{dot: 1},{},{},{dot: 1},{},{},{},{dot: 1},{},{},{},{dot: 1},{},{}
313,{},{},{},{dot: 1},{},{},{dot: 1},{},{},{dot: 1},{dot: 1},{},{dot: 1},{},{},{dot: 1},{},{},{},{dot: 1},{},{},{},{dot: 1},{},{}
314,{},{},{},{dot: 1},{dot: 2},{},{dot: 1},{},{},{dot: 1},{},{},{dot: 1},{},{},{dot: 1},{},{},{},{dot: 1},{},{},{},{dot: 1},{},{}
315,{},{},{dot: 1},{dot: 1},{dot: 1},{},{dot: 1},{dot: 1},{},{dot: 1},{},{},{dot: 1},{},{},{dot: 1},{},{},{},{dot: 1},{},{},{},{dot: 1},{},{}
316,{},{},{},{dot: 1},{},{dot: 1},{dot: 1},{},{},{dot: 1},{dot: 1},{},{dot: 1},{},{},{dot: 1},{},{},{},{dot: 1},{},{},{},{dot: 1},{},{}
317,{},{},{},{dot: 1},{dot: 2},{},{dot: 1},{},{},{dot: 1},{},{},{dot: 1},{},{},{dot: 1},{},{},{},{dot: 1},{},{},{},{dot: 1},{},{}
318,{},{},{dot: 1},{dot: 1},{dot: 1},{},{dot: 1},{},{},{dot: 1},{},{},{dot: 1},{},{},{dot: 1},{},{},{},{dot: 1},{},{},{},{dot: 1},{},{}
319,{},{},{dot: 1},{dot: 1},{dot: 1},{},{dot: 1},{},{},{dot: 1},{},{},{dot: 1},{},{},{dot: 1},{},{},{},{dot: 1},{},{},{},{dot: 1},{},{}
320,{},{},{dot: 1},{dot: 1},{dot: 1},{},{dot: 1},{dot: 1},{},{dot: 1},{},{},{dot: 1},{},{},{dot: 1},{},{},{},{dot: 1},{},{},{},{dot: 1},{},{}
321,{},{},{},{dot: 1},{dot: 1},{dot: 1},{dot: 1},{dot: 1},{},{dot: 1},{},{},{dot: 1},{},{},{dot: 1},{},{},{},{dot: 1},{},{},{},{dot: 1},{},{}
322,{},{},{dot: 1},{dot: 1},{},{},{dot: 1},{},{},{dot: 1},{dot: 1},{},{dot: 1},{},{},{dot: 1},{},{},{},{dot: 1},{},{},{},{dot: 1},{},{}
323,{},{},{},{dot: 1},{dot: 1},{},{dot: 1},{dot: 1},{},{dot: 1},{},{},{dot: 1},{},{},{dot: 1},{},{},{},{dot: 1},{},{},{},{dot: 1},{},{}
324,{},{},{},{dot: 1},{dot: 1},{dot: 1},{dot: 1},{},{},{dot: 1},{},{},{dot: 1},{},{},{dot: 1},{},{},{},{dot: 1},{},{},{},{dot: 1},{},{}
325,{},{},{dot: 1},{dot: 1},{},{},{dot: 1},{dot: 1},{},{dot: 1},{},{},{dot: 1},{},{},{dot: 1},{},{},{},{dot: 1},{},{},{},{dot: 1},{},{}
326,{},{},{},{dot: 1},{dot: 1},{},{dot: 1},{},{},{dot: 1},{dot: 1},{},{dot: 1},{},{},{dot: 1},{},{},{},{dot: 1},{},{},{},{dot: 1},{},{}
327,{},{},{dot: 1},{dot: 1},{},{},{dot: 1},{dot: 1},{},{dot: 1},{},{},{dot: 1},{},{},{dot: 1},{},{},{},{dot: 1},{},{},{},{dot: 1},{},{}
328,{},{},{dot: 1},{dot: 1},{dot: 1},{},{dot: 1},{},{},{dot: 1},{dot: 1},{},{dot: 1},{},{},{dot: 1},{},{},{},{dot: 1},{},{},{},{dot: 1},{},{}
329,{},{},{},{dot: 1},{dot: 2},{},{dot: 1},{dot: 1},{},{dot: 1},{},{},{dot: 1},{},{},{dot: 1},{},{},{},{dot: 1},{},{},{},{dot: 1},{},{}
330,{},{},{dot: 1},{dot: 1},{dot: 2},{},{dot: 1},{dot: 1},{},{dot: 1},{},{},{dot: 1},{},{},{dot: 1},{},{},{},{dot: 1},{},{},{},{dot: 1},{},{}
331,{},{},{},{dot: 1},{dot: 2},{dot: 1},{dot: 1},{},{},{dot: 1},{dot: 1},{},{dot: 1},{},{},{dot: 1},{},{},{},{dot: 1},{},{},{},{dot: 1},{},{}
332,{},{},{dot: 1},{dot: 1},{dot: 2},{},{dot: 1},{dot: 1},{},{dot: 1},{},{},{dot: 1},{},{},{dot: 1},{},{},{},{dot: 1},{},{},{},{dot: 1},{},{}
333,{},{},{dot: 1},{dot: 1},{},{dot: 1},{dot: 1},{},{},{dot: 1},{dot: 1},{},{dot: 1},{},{},{dot: 1},{},{},{},{dot: 1},{},{},{},{dot: 1},{},{}
334,{},{},{},{dot: 1},{},{},{dot: 1},{dot: 1},{},{dot: 1},{},{},{dot: 1},{},{},{dot: 1},{},{},{},{dot: 1},{},{},{},{dot: 1},{},{}
335,{},{},{},{dot: 1},{dot: 1},{},{dot: 1},{dot: 1},{},{dot: 1},{dot: 1},{},{dot: 1},{},{},{dot: 1},{},{},{},{dot: 1},{},{},{},{dot: 1},{},{}
336,{},{},{dot: 1},{dot: 1},{},{dot: 1},{dot: 1},{},{},{dot: 1},{},{},{dot: 1},{},{},{dot: 1},{},{},{},{dot: 1},{},{},{},{dot: 1},{},{}
337,{},{},{},{dot: 1},{dot: 1},{},{dot: 1},{dot: 1},{},{dot: 1},{},{},{dot: 1},{},{},{dot: 1},{},{},{},{dot: 1},{},{},{},{dot: 1},{},{}
338,{},{},{},{dot: 1},{dot: 1},{dot: 1},{dot: 1},{},{},{dot: 1},{dot: 1},{},{dot: 1},{},{},{dot: 1},{},{},{},{dot: 1},{},{},{},{dot: 1},{},{}
339,{},{},{},{dot: 1},{dot: 1},{},{dot: 1},{},{},{dot: 1},{},{},{dot: 1},{},{},{dot: 1},{},{},{},{dot: 1},{},{},{},{dot: 1},{},{}
340,{},{},{dot: 1},{dot: 1},{},{},{dot: 1},{dot: 1},{},{dot: 1},{},{},{dot: 1},{},{},{dot: 1},{},{},{},{dot: 1},{},{},{},{dot: 1},{},{}
341,{},{},{},{dot: 1},{dot: 1},{},{dot: 1},{dot: 1},{},{dot: 1},{dot: 1},{},{dot: 1},{},{},{dot: 1},{},{},{},{dot: 1},{},{},{},{dot: 1},{},{}
342,{},{},{},{dot: 1},{dot: 2},{dot: 1},{dot: 1},{},{},{dot: 1},{dot: 1},{},{dot: 1},{},{},{dot: 1},{},{},{},{dot: 1},{},{},{},{dot: 1},{},{}
343,{},{},{dot: 1},{dot: 1},{dot: 1},{},{dot: 1},{dot: 1},{},{dot: 1},{},{},{dot: 1},{},{},{dot: 1},{},{},{},{dot: 1},{},{},{},{dot: 1},{},{}
344,{},{},{dot: 1},{dot: 1},{},{},{dot: 1},{},{},{dot: 1},{dot: 1},{},{dot: 1},{},{},{dot: 1},{},{},{},{dot: 1},{},{},{},{dot: 1},{},{}
345,{},{},{dot: 1},{dot: 1},{dot: 1},{},{dot: 1},{dot: 1},{},{dot: 1},{},{},{dot: 1},{},{},{dot: 1},{},{},{},{dot: 1},{},{},{},{dot: 1},{},{}
346,{},{},{dot: 2},{dot: 1},{},{},{dot: 1},{dot: 1},{},{dot: 1},{},{},{dot: 1},{},{},{dot: 1},{},{},{},{dot: 1},{},{},{},{dot: 1},{},{}
347,{},{},{dot: 1},{dot: 1},{dot: 1},{dot: 1},{dot: 1},{},{},{dot: 1},{},{},{dot: 1},{},{},{dot: 1},{},{},{},{dot: 1},{},{},{},{dot: 1},{},{}
348,{},{},{dot: 1},{dot: 1},{dot: 1},{},{dot: 1},{dot: 1},{},{dot: 1},{},{},{dot: 1},{},{},{dot: 1},{},{},{},{dot: 1},{},{},{},{dot: 1},{},{}
349,{},{},{},{dot: 1},{dot: 1},{dot: 1},{dot: 1},{},{},{dot: 1},{},{},{dot: 1},{},{},{dot: 1},{},{},{},{dot: 1},{},{},{},{dot: 1},{},{}
350,{},{},{},{dot: 1},{dot: 1},{},{dot: 1},{},{},{dot: 1},{},{},{dot: 1},{},{},{dot: 1},{},{},{},{dot: 1},{},{},{},{dot: 1},{},{}
351,{},{},{},{dot: 1},{dot: 1},{},{dot: 1},{dot: 1},{},{dot: 1},{},{},{dot: 1},{},{},{dot: 1},{},{},{},{dot: 1},{},{},{},{dot: 1},{},{}
352,{},{},{dot: 1},{dot: 1},{dot: 1},{},{dot: 1},{},{},{dot: 1},{},{},{dot: 1},{},{},{dot: 1},{},{},{},{dot: 1},{},{},{},{dot: 1},{},{}
353,{},{},{dot: 2},{dot: 1},{dot: 1},{},{dot: 1},{},{},{dot: 1},{},{},{dot: 1},{},{},{dot: 1},{},{},{},{dot: 1},{},{},{},{dot: 1},{},{}
354,{},{},{dot: 2},{dot: 1},{},{},{dot: 1},{dot: 1},{},{dot: 1},{},{},{dot: 1},{},{},{dot: 1},{},{},{},{dot: 1},{},{},{},{dot: 1},{},{}
355,{},{},{dot: 2},{dot: 1},{dot: 1},{dot: 1},{dot: 1},{},{},{dot: 1},{},{},{dot: 1},{},{},{dot: 1},{},{},{},{dot: 1},{},{},{},{dot: 1},{},{}
356,{},{},{dot: 1},{dot: 1},{},{},{dot: 1},{dot: 1},{},{dot: 1},{},{},{dot: 1},{},{},{dot: 1},{},{},{},{dot: 1},{},{},{},{dot: 1},{},{}
357,{},{},{dot: 1},{dot: 1},{dot: 1},{dot: 1},{dot: 1},{},{},{dot: 1},{dot: 1},{},{dot: 1},{},{},{dot: 1},{},{},{},{dot: 1},{},{},{},{dot: 1},{},{}
358,{},{},{dot: 1},{dot: 1},{dot: 1},{},{dot: 1},{dot: 1},{},{dot: 1},{},{},{dot: 1},{},{},{dot: 1},{},{},{},{dot: 1},{},{},{},{dot: 1},{},{}
359,{},{},{},{dot: 1},{dot: 1},{dot: 1},{dot: 1},{},{},{dot: 1},{},{},{dot: 1},{},{},{dot: 1},{},{},{},{dot: 1},{},{},{},{dot: 1},{},{}
360,{},{},{dot: 1},{dot: 1},{dot: 1},{},{dot: 1},{dot: 1},{},{dot: 1},{},{},{dot: 1},{},{},{dot: 1},{},{},{},{dot: 1},{},{},{},{dot: 1},{},{}
361,{},{},{},{dot: 1},{},{dot: 1},{dot: 1},{},{},{dot: 1},{},{},{dot: 1},{},{},{dot: 1},{},{},{},{dot: 1},{},{},{},{dot: 1},{},{}
362,{},{},{},{dot: 1},{},{},{dot: 1},{},{},{dot: 1},{},{},{dot: 1},{},{},{dot: 1},{},{},{},{dot: 1},{},{},{},{dot: 1},{},{}
363,{},{},{},{dot: 1},{dot: 1},{},{dot: 1},{},{},{dot: 1},{},{},{dot: 1},{},{},{dot: 1},{},{},{},{dot: 1},{},{},{},{dot: 1},{},{}
364,{},{},{},{dot: 1},{dot: 1},{},{dot: 1},{dot: 1},{},{dot: 1},{},{},{dot: 1},{},{},{dot: 1},{},{},{},{dot: 1},{},{},{},{dot: 1},{},{}
365,{},{},{},{dot: 1},{},{dot: 1},{dot: 1},{},{},{dot: 1},{},{},{dot: 1},{},{},{dot: 1},{},{},{},{dot: 1},{},{},{},{dot: 1},{},{}
366,{},{},{},{dot: 1},{dot: 1},{},{dot: 1},{dot: 1},{},{dot: 1},{},{},{dot: 1},{},{},{dot: 1},{},{},{},{dot: 1},{},{},{},{dot: 1},{},{}
367,{},{},{},{dot: 1},{dot: 1},{dot: 1},{dot: 1},{dot: 1},{},{dot: 1},{},{},{dot: 1},{},{},{dot: 1},{},{},{},{dot: 1},{},{},{},{dot: 1},{},{}
368,{},{},{dot: 1},{dot: 1},{},{dot: 1},{dot: 1},{},{},{dot: 1},{dot: 1},{},{dot: 1},{},{},{dot: 1},{},{},{},{dot: 1},{},{},{},{dot: 1},{},{}
369,{},{},{dot: 1},{dot: 1},{dot: 1},{dot: 1},{dot: 1},{},{},{dot: 1},{},{},{dot: 1},{},{},{dot: 1},{},{},{},{dot: 1},{},{},{},{dot: 1},{},{}
370,{},{},{dot: 1},{dot: 1},{},{},{dot: 1},{dot: 1},{},{dot: 1},{},{},{dot: 1},{},{},{dot: 1},{},{},{},{dot: 1},{},{},{},{dot: 1},{},{}
371,{},{},{},{dot: 1},{dot: 1},{dot: 1},{dot: 1},{},{},{dot: 1},{},{},{dot: 1},{},{},{dot: 1},{},{},{},{dot: 1},{},{},{},{dot: 1},{},{}
372,{},{},{dot: 1},{dot: 1},{},{},{dot: 1},{},{},{dot: 1},{},{},{dot: 1},{},{},{dot: 1},{},{},{},{dot: 1},{},{},{},{dot: 1},{},{}
373,{},{},{dot: 1},{dot: 1},{},{},{dot: 1},{dot: 1},{},{dot: 1},{},{},{dot: 1},{},{},{dot: 1},{},{},{},{dot: 1},{},{},{},{dot: 1},{},{}
374,{},{},{},{dot: 1},{dot: 1},{dot: 1},{dot: 1},{},{},{dot: 1},{dot: 1},{},{dot: 1},{},{},{dot: 1},{},{},{},{dot: 1},{},{},{},{dot: 1},{},{}
375,{},{},{},{dot: 1},{dot: 1},{},{dot: 1},{dot: 1},{},{dot: 1},{},{},{dot: 1},{},{},{dot: 1},{},{},{},{dot: 1},{},{},{},{dot: 1},{},{}
376,{},{},{dot: 1},{dot: 1},{dot: 1},{dot: 1},{dot: 1},{dot: 1},{},{dot: 1},{},{},{dot: 1},{},{},{dot: 1},{},{},{},{dot: 1},{},{},{},{dot: 1},{},{}
377,{},{},{dot: 1},{dot: 1},{dot: 1},{},{dot: 1},{},{},{dot: 1},{dot: 1},{},{dot: 1},{},{},{dot: 1},{},{},{},{dot: 1},{},{},{},{dot: 1},{},{}
378,{},{},{dot: 1},{dot: 1},{},{},{dot: 1},{},{},{dot: 1},{},{},{dot: 1},{},{},{dot: 1},{},{},{},{dot: 1},{},{},{},{dot: 1},{},{}
379,{},{},{},{dot: 1},{dot: 1},{},{dot: 1},{dot: 1},{},{dot: 1},{},{},{dot: 1},{},{},{dot: 1},{},{},{},{dot: 1},{},{},{},{dot: 1},{},{}
380,{},{},{dot: 1},{dot: 1},{},{},{dot: 1},{dot: 1},{},{dot: 1},{dot: 1},{},{dot: 1},{},{},{dot: 1},{},{},{},{dot: 1},{},{},{},{dot: 1},{},{}
381,{},{},{},{dot: 1},{dot: 1},{},{dot: 1},{},{},{dot: 1},{},{},{dot: 1},{},{},{dot: 1},{},{},{},{dot: 1},{},{},{},{dot: 1},{},{}
382,{},{},{},{dot: 1},{},{},{dot: 1},{dot: 1},{},{dot: 1},{},{},{dot: 1},{},{},{dot: 1},{},{},{},{dot: 1},{},{},{},{dot: 1},{},{}
383,{},{},{},{dot: 1},{dot: 1},{dot: 1},{dot: 1},{},{},{dot: 1},{},{},{dot: 1},{},{},{dot: 1},{},{},{},{dot: 1},{},{},{},{dot: 1},{},{}
384,{},{},{},{dot: 1},{dot: 1},{},{dot: 1},{dot: 1},{},{dot: 1},{},{},{dot: 1},{},{},{dot: 1},{},{},{},{dot: 1},{},{},{},{dot: 1},{},{}
385,{},{},{dot: 1},{dot: 1},{},{dot: 1},{dot: 1},{},{},{dot: 1},{dot: 1},{},{dot: 1},{},{},{dot: 1},{},{},{},{dot: 1},{},{},{},{dot: 1},{},{}
386,{},{},{dot: 1},{dot: 1},{dot: 1},{},{dot: 1},{dot: 1},{},{dot: 1},{},{},{dot: 1},{},{},{dot: 1},{},{},{},{dot: 1},{},{},{},{dot: 1},{},{}
387,{},{},{},{dot: 1},{dot: 1},{dot: 1},{dot: 1},{},{},{dot: 1},{},{},{dot: 1},{},{},{dot: 1},{},{},{},{dot: 1},{},{},{},{dot: 1},{},{}
388,{},{},{dot: 1},{dot: 1},{},{},{dot: 1},{},{},{dot: 1},{},{},{dot: 1},{},{},{dot: 1},{},{},{},{dot: 1},{},{},{},{dot: 1},{},{}
389,{},{},{},{dot: 1},{dot: 1},{},{dot: 1},{},{},{dot: 1},{},{},{dot: 1},{},{},{dot: 1},{},{},{},{dot: 1},{},{},{},{dot: 1},{},{}
390,{},{},{},{dot: 1},{dot: 1},{},{dot: 1},{dot: 1},{},{dot: 1},{},{},{dot: 1},{},{},{dot: 1},{},{},{},{dot: 1},{},{},{},{dot: 1},{},{}
391,{},{},{dot: 1},{dot: 1},{},{},{dot: 1},{dot: 1},{},{dot: 1},{},{},{dot: 1},{},{},{dot: 1},{},{},{},{dot: 1},{},{},{},{dot: 1},{},{}
392,{},{},{},{dot: 1},{dot: 1},{},{dot: 1},{},{},{dot: 1},{},{},{dot: 1},{},{},{dot: 1},{},{},{},{dot: 1},{},{},{},{dot: 1},{},{}
393,{},{},{dot: 1},{dot: 1},{},{},{dot: 1},{},{},{dot: 1},{},{},{dot: 1},{},{},{dot: 1},{},{},{},{dot: 1},{},{},{},{dot: 1},{},{}
394,{},{},{},{dot: 1},{dot: 1},{},{dot: 1},{dot: 1},{},{dot: 1},{},{},{dot: 1},{},{},{dot: 1},{},{},{},{dot: 1},{},{},{},{dot: 1},{},{}
395,{},{},{},{dot: 1},{dot: 1},{},{dot: 1},{dot: 1},{},{dot: 1},{dot: 1},{},{dot: 1},{},{},{dot: 1},{},{},{},{dot: 1},{},{},{},{dot: 1},{},{}
396,{},{},{},{dot: 1},{dot: 1},{dot: 1},{dot: 1},{},{},{dot: 1},{dot: 1},{},{dot: 1},{},{},{dot: 1},{},{},{},{dot: 1},{},{},{},{dot: 1},{},{}
397,{},{},{dot: 1},{dot: 1},{},{},{dot: 1},{},{},{dot: 1},{},{},{dot: 1},{},{},{dot: 1},{},{},{},{dot: 1},{},{},{},{dot: 1},{},{}
398,{},{},{},{dot: 1},{dot: 1},{},{dot: 1},{},{},{dot: 1},{},{},{dot: 1},{},{},{dot: 1},{},{},{},{dot: 1},{},{},{},{dot: 1},{},{}
399,{},{},{dot: 1},{dot: 1},{dot: 1},{},{dot: 1},{dot: 1},{},{dot: 1},{},{},{dot: 1},{},{},{dot: 1},{},{},{},{dot: 1},{},{},{},{dot: 1},{},{}
400,{},{},{dot: 2},{dot: 1},{dot: 1},{},{dot: 1},{dot: 1},{},{dot: 1},{dot: 1},{},{dot: 1},{},{},{dot: 1},{},{},{},{dot: 1},{},{},{},{dot: 1},{},{}
401,{},{},{dot: 2},{dot: 1},{dot: 1},{dot: 1},{dot: 1},{},{},{dot: 1},{dot: 1},{},{dot: 1},{},{},{dot: 1},{},{},{},{dot: 1},{},{},{},{dot: 1},{},{}
402,{},{},{dot: 3},{dot: 1},{dot: 1},{},{dot: 1},{dot: 1},{},{dot: 1},{},{},{dot: 1},{},{},{dot: 1},{},{},{},{dot: 1},{},{},{},{dot: 1},{},{}
403,{},{},{dot: 3},{dot: 1},{},{},{dot: 1},{dot: 1},{},{dot: 1},{dot: 1},{},{dot: 1},{},{},{dot: 1},{},{},{},{dot: 1},{},{},{},{dot: 1},{},{}
404,{},{},{dot: 2},{dot: 1},{},{},{dot: 1},{},{},{dot: 1},{dot: 1},{},{dot: 1},{},{},{dot: 1},{},{},{},{dot: 1},{},{},{},{dot: 1},{},{}
405,{},{},{dot: 2},{dot: 1},{dot: 1},{},{dot: 1},{},{},{dot: 1},{},{},{dot: 1},{},{},{dot: 1},{},{},{},{dot: 1},{},{},{},{dot: 1},{},{}
406,{},{},{dot: 1},{dot: 1},{dot: 2},{},{dot: 1},{dot: 1},{},{dot: 1},{},{},{dot: 1},{},{},{dot: 1},{},{},{},{dot: 1},{},{},{},{dot: 1},{},{}
407,{},{},{dot: 1},{dot: 1},{dot: 1},{dot: 1},{dot: 1},{dot: 1},{},{dot: 1},{},{},{dot: 1},{},{},{dot: 1},{},{},{},{dot: 1},{},{},{},{dot: 1},{},{}
408,{},{},{dot: 1},{dot: 1},{dot: 1},{},{dot: 1},{},{},{dot: 1},{dot: 1},{},{dot: 1},{},{},{dot: 1},{},{},{},{dot: 1},{},{},{},{dot: 1},{},{}
409,{},{},{},{dot: 1},{},{},{dot: 1},{dot: 1},{},{dot: 1},{},{},{dot: 1},{},{},{dot: 1},{},{},{},{dot: 1},{},{},{},{dot: 1},{},{}
410,{},{},{},{dot: 1},{dot: 1},{dot: 1},{dot: 1},{},{},{dot: 1},{},{},{dot: 1},{},{},{dot: 1},{},{},{},{dot: 1},{},{},{},{dot: 1},{},{}
411,{},{},{},{dot: 1},{dot: 1},{dot: 1},{dot: 1},{dot: 1},{},{dot: 1},{},{},{dot: 1},{},{},{dot: 1},{},{},{},{dot: 1},{},{},{},{dot: 1},{},{}
412,{},{},{},{dot: 1},{dot: 1},{dot: 1},{dot: 1},{},{},{dot: 1},{dot: 1},{},{dot: 1},{},{},{dot: 1},{},{},{},{dot: 1},{},{},{},{dot: 1},{},{}
413,{},{},{},{dot: 1},{dot: 1},{},{dot: 1},{dot: 1},{},{dot: 1},{},{},{dot: 1},{},{},{dot: 1},{},{},{},{dot: 1},{},{},{},{dot: 1},{},{}
414,{},{},{},{dot: 1},{},{},{dot: 1},{},{},{dot: 1},{dot: 1},{},{dot: 1},{},{},{dot: 1},{},{},{},{dot: 1},{},{},{},{dot: 1},{},{}
415,{},{},{},{dot: 1},{dot: 1},{},{dot: 1},{dot: 1},{},{dot: 1},{dot: 1},{},{dot: 1},{},{},{dot: 1},{},{},{},{dot: 1},{},{},{},{dot: 1},{},{}
416,{},{},{},{dot: 1},{dot: 1},{dot: 1},{dot: 1},{},{},{dot: 1},{dot: 1},{},{dot: 1},{},{},{dot: 1},{},{},{},{dot: 1},{},{},{},{dot: 1},{},{}
417,{},{},{dot: 1},{dot: 1},{dot: 2},{dot: 1},{dot: 1},{dot: 1},{},{dot: 1},{},{},{dot: 1},{},{},{dot: 1},{},{},{},{dot: 1},{},{},{},{dot: 1},{},{}
418,{},{},{dot: 1},{dot: 1},{dot: 2},{dot: 1},{dot: 1},{},{},{dot: 1},{dot: 1},{},{dot: 1},{},{},{dot: 1},{},{},{},{dot: 1},{},{},{},{dot: 1},{},{}
419,{},{},{dot: 2},{dot: 1},{dot: 2},{dot: 1},{dot: 1},{dot: 1},{},{dot: 1},{dot: 1},{},{dot: 1},{},{},{dot: 1},{},{},{},{dot: 1},{},{},{},{dot: 1},{},{}
420,{},{},{dot: 1},{dot: 1},{dot: 4},{dot: 1},{dot: 1},{},{},{dot: 1},{},{},{dot: 1},{},{},{dot: 1},{},{},{},{dot: 1},{},{},{},{dot: 1},{},{}
421,{},{},{dot: 2},{dot: 1},{dot: 4},{dot: 1},{dot: 1},{dot: 1},{},{dot: 1},{},{},{dot: 1},{},{},{dot: 1},{},{},{},{dot: 1},{},{},{},{dot: 1},{},{}
422,{},{},{dot: 3},{dot: 1},{dot: 3},{dot: 2},{dot: 1},{},{},{dot: 1},{},{},{dot: 1},{},{},{dot: 1},{},{},{},{dot: 1},{},{},{},{dot: 1},{},{}
423,{},{},{dot: 3},{dot: 1},{dot: 3},{dot: 1},{dot: 1},{},{},{dot: 1},{},{},{dot: 1},{},{},{dot: 1},{},{},{},{dot: 1},{},{},{},{dot: 1},{},{}
424,{},{},{dot: 3},{dot: 1},{dot: 2},{},{dot: 1},{dot: 1},{},{dot: 1},{},{},{dot: 1},{},{},{dot: 1},{},{},{},{dot: 1},{},{},{},{dot: 1},{},{}
425,{},{},{dot: 4},{dot: 1},{dot: 1},{},{dot: 1},{dot: 1},{},{dot: 1},{},{},{dot: 1},{},{},{dot: 1},{},{},{},{dot: 1},{},{},{},{dot: 1},{},{}
426,{},{},{dot: 5},{dot: 1},{},{dot: 1},{dot: 1},{},{},{dot: 1},{dot: 1},{},{dot: 1},{},{},{dot: 1},{},{},{},{dot: 1},{},{},{},{dot: 1},{},{}
427,{},{},{dot: 4},{dot: 1},{dot: 1},{},{dot: 1},{dot: 1},{},{dot: 1},{},{},{dot: 1},{},{},{dot: 1},{},{},{},{dot: 1},{},{},{},{dot: 1},{},{}
428,{},{},{dot: 4},{dot: 1},{dot: 1},{},{dot: 1},{},{},{dot: 1},{dot: 1},{},{dot: 1},{},{},{dot: 1},{},{},{},{dot: 1},{},{},{},{dot: 1},{},{}
429,{},{},{dot: 4},{dot: 1},{dot: 1},{},{dot: 1},{dot: 1},{},{dot: 1},{},{},{dot: 1},{},{},{dot: 1},{},{},{},{dot: 1},{},{},{},{dot: 1},{},{}
430,{},{},{dot: 4},{dot: 1},{},{dot: 1},{dot: 1},{},{},{dot: 1},{dot: 1},{},{dot: 1},{},{},{dot: 1},{},{},{},{dot: 1},{},{},{},{dot: 1},{},{}
431,{},{},{dot: 3},{dot: 1},{dot: 1},{dot: 1},{dot: 1},{dot: 1},{},{dot: 1},{},{},{dot: 1},{},{},{dot: 1},{},{},{},{dot: 1},{},{},{},{dot: 1},{},{}
432,{},{},{dot: 4},{dot: 1},{dot: 1},{},{dot: 1},{},{},{dot: 1},{},{},{dot: 1},{},{},{dot: 1},{},{},{},{dot: 1},{},{},{},{dot: 1},{},{}
433,{},{},{dot: 3},{dot: 1},{},{},{dot: 1},{dot: 1},{},{dot: 1},{},{},{dot: 1},{},{},{dot: 1},{},{},{},{dot: 1},{},{},{},{dot: 1},{},{}
434,{},{},{dot: 2},{dot: 1},{dot: 1},{dot: 1},{dot: 1},{},{},{dot: 1},{},{},{dot: 1},{},{},{dot: 1},{},{},{},{dot: 1},{},{},{},{dot: 1},{},{}
435,{},{},{dot: 1},{dot: 1},{},{},{dot: 1},{dot: 1},{},{dot: 1},{},{},{dot: 1},{},{},{dot: 1},{},{},{},{dot: 1},{},{},{},{dot: 1},{},{}
436,{},{},{dot: 1},{dot: 1},{},{dot: 1},{dot: 1},{},{},{dot: 1},{},{},{dot: 1},{},{},{dot: 1},{},{},{},{dot: 1},{},{},{},{dot: 1},{},{}
437,{},{},{},{dot: 1},{dot: 1},{dot: 1},{dot: 1},{dot: 1},{},{dot: 1},{},{},{dot: 1},{},{},{dot: 1},{},{},{},{dot: 1},{},{},{},{dot: 1},{},{}
438,{},{},{},{dot: 1},{dot: 1},{dot: 1},{dot: 1},{},{},{dot: 1},{},{},{dot: 1},{},{},{dot: 1},{},{},{},{dot: 1},{},{},{},{dot: 1},{},{}
439,{},{},{},{dot: 1},{dot: 2},{dot: 1},{dot: 1},{},{},{dot: 1},{},{},{dot: 1},{},{},{dot: 1},{},{},{},{dot: 1},{},{},{},{dot: 1},{},{}
440,{},{},{dot: 1},{dot: 1},{dot: 1},{dot: 1},{dot: 1},{},{},{dot: 1},{},{},{dot: 1},{},{},{dot: 1},{},{},{},{dot: 1},{},{},{},{dot: 1},{},{}
441,{},{},{},{dot: 1},{dot: 2},{},{dot: 1},{},{},{dot: 1},{},{},{dot: 1},{},{},{dot: 1},{},{},{},{dot: 1},{},{},{},{dot: 1},{},{}
442,{},{},{dot: 1},{dot: 1},{},{},{dot: 1},{dot: 1},{},{dot: 1},{},{},{dot: 1},{},{},{dot: 1},{},{},{},{dot: 1},{},{},{},{dot: 1},{},{}
443,{},{},{dot: 1},{dot: 1},{dot: 1},{},{dot: 1},{dot: 1},{},{dot: 1},{},{},{dot: 1},{},{},{dot: 1},{},{},{},{dot: 1},{},{},{},{dot: 1},{},{}
444,{},{},{dot: 1},{dot: 1},{dot: 1},{dot: 1},{dot: 1},{},{},{dot: 1},{},{},{dot: 1},{},{},{dot: 1},{},{},{},{dot: 1},{},{},{},{dot: 1},{},{}
445,{},{},{},{dot: 1},{dot: 1},{},{dot: 1},{dot: 1},{},{dot: 1},{},{},{dot: 1},{},{},{dot: 1},{},{},{},{dot: 1},{},{},{},{dot: 1},{},{}
446,{},{},{dot: 1},{dot: 1},{},{dot: 1},{dot: 1},{},{},{dot: 1},{dot: 1},{},{dot: 1},{},{},{dot: 1},{},{},{},{dot: 1},{},{},{},{dot: 1},{},{}
447,{},{},{},{dot: 1},{dot: 1},{dot: 1},{dot: 1},{dot: 1},{},{dot: 1},{},{},{dot: 1},{},{},{dot: 1},{},{},{},{dot: 1},{},{},{},{dot: 1},{},{}
448,{},{},{},{dot: 1},{dot: 2},{},{dot: 1},{},{},{dot: 1},{dot: 1},{},{dot: 1},{},{},{dot: 1},{},{},{},{dot: 1},{},{},{},{dot: 1},{},{}
449,{},{},{dot: 1},{dot: 1},{dot: 2},{},{dot: 1},{},{},{dot: 1},{},{},{dot: 1},{},{},{dot: 1},{},{},{},{dot: 1},{},{},{},{dot: 1},{},{}
450,{},{},{dot: 2},{dot: 1},{dot: 1},{},{dot: 1},{dot: 1},{},{dot: 1},{},{},{dot: 1},{},{},{dot: 1},{},{},{},{dot: 1},{},{},{},{dot: 1},{},{}
451,{},{},{dot: 2},{dot: 1},{},{},{dot: 1},{dot: 1},{},{dot: 1},{},{},{dot: 1},{},{},{dot: 1},{},{},{},{dot: 1},{},{},{},{dot: 1},{},{}
452,{},{},{dot: 1},{dot: 1},{dot: 1},{},{dot: 1},{},{},{dot: 1},{dot: 1},{},{dot: 1},{},{},{dot: 1},{},{},{},{dot: 1},{},{},{},{dot: 1},{},{}
453,{},{},{},{dot: 1},{dot: 1},{},{dot: 1},{},{},{dot: 1},{},{},{dot: 1},{},{},{dot: 1},{},{},{},{dot: 1},{},{},{},{dot: 1},{},{}
454,{},{},{dot: 1},{dot: 1},{},{},{dot: 1},{dot: 1},{},{dot: 1},{},{},{dot: 1},{},{},{dot: 1},{},{},{},{dot: 1},{},{},{},{dot: 1},{},{}
455,{},{},{},{dot: 1},{dot: 1},{},{dot: 1},{},{},{dot: 1},{},{},{dot: 1},{},{},{dot: 1},{},{},{},{dot: 1},{},{},{},{dot: 1},{},{}
456,{},{},{dot: 1},{dot: 1},{},{},{dot: 1},{},{},{dot: 1},{},{},{dot: 1},{},{},{dot: 1},{},{},{},{dot: 1},{},{},{},{dot: 1},{},{}
457,{},{},{},{dot: 1},{dot: 1},{},{dot: 1},{dot: 1},{},{dot: 1},{},{},{dot: 1},{},{},{dot: 1},{},{},{},{dot: 1},{},{},{},{dot: 1},{},{}
458,{},{},{dot: 1},{dot: 1},{dot: 1},{},{dot: 1},{},{},{dot: 1},{},{},{dot: 1},{},{},{dot: 1},{},{},{},{dot: 1},{},{},{},{dot: 1},{},{}
459,{},{},{},{dot: 1},{dot: 1},{},{dot: 1},{},{},{dot: 1},{},{},{dot: 1},{},{},{dot: 1},{},{},{},{dot: 1},{},{},{},{dot: 1},{},{}
460,{},{},{dot: 1},{dot: 1},{dot: 1},{},{dot: 1},{dot: 1},{},{dot: 1},{},{},{dot: 1},{},{},{dot: 1},{},{},{},{dot: 1},{},{},{},{dot: 1},{},{}
461,{},{},{dot: 1},{dot: 1},{},{},{dot: 1},{},{},{dot: 1},{},{},{dot: 1},{},{},{dot: 1},{},{},{},{dot: 1},{},{},{},{dot: 1},{},{}
462,{},{},{},{dot: 1},{dot: 1},{},{dot: 1},{dot: 1},{},{dot: 1},{},{},{dot: 1},{},{},{dot: 1},{},{},{},{dot: 1},{},{},{},{dot: 1},{},{}
463,{},{},{dot: 1},{dot: 1},{dot: 1},{dot: 1},{dot: 1},{},{},{dot: 1},{},{},{dot: 1},{},{},{dot: 1},{},{},{},{dot: 1},{},{},{},{dot: 1},{},{}
464,{},{},{},{dot: 1},{dot: 1},{},{dot: 1},{dot: 1},{},{dot: 1},{},{},{dot: 1},{},{},{dot: 1},{},{},{},{dot: 1},{},{},{},{dot: 1},{},{}
465,{},{},{},{dot: 1},{dot: 1},{dot: 1},{dot: 1},{},{},{dot: 1},{},{},{dot: 1},{},{},{dot: 1},{},{},{},{dot: 1},{},{},{},{dot: 1},{},{}
466,{},{},{},{dot: 1},{},{},{dot: 1},{dot: 1},{},{dot: 1},{},{},{dot: 1},{},{},{dot: 1},{},{},{},{dot: 1},{},{},{},{dot: 1},{},{}
467,{},{},{},{dot: 1},{dot: 1},{dot: 1},{dot: 1},{dot: 1},{},{dot: 1},{},{},{dot: 1},{},{},{dot: 1},{},{},{},{dot: 1},{},{},{},{dot: 1},{},{}
468,{},{},{dot: 1},{dot: 1},{},{dot: 2},{dot: 1},{dot: 1},{},{dot: 1},{},{},{dot: 1},{},{},{dot: 1},{},{},{},{dot: 1},{},{},{},{dot: 1},{},{}
469,{},{},{},{dot: 1},{dot: 1},{dot: 3},{dot: 1},{},{},{dot: 1},{dot: 1},{},{dot: 1},{},{},{dot: 1},{},{},{},{dot: 1},{},{},{},{dot: 1},{},{}
470,{},{},{dot: 1},{dot: 1},{dot: 1},{dot: 2},{dot: 1},{},{},{dot: 1},{},{},{dot: 1},{},{},{dot: 1},{},{},{},{dot: 1},{},{},{},{dot: 1},{},{}
471,{},{},{dot: 1},{dot: 1},{},{dot: 1},{dot: 1},{dot: 1},{},{dot: 1},{},{},{dot: 1},{},{},{dot: 1},{},{},{},{dot: 1},{},{},{},{dot: 1},{},{}
472,{},{},{},{dot: 1},{},{dot: 1},{dot: 1},{},{},{dot: 1},{},{},{dot: 1},{},{},{dot: 1},{},{},{},{dot: 1},{},{},{},{dot: 1},{},{}
473,{},{},{},{dot: 1},{dot: 1},{},{dot: 1},{dot: 1},{},{dot: 1},{},{},{dot: 1},{},{},{dot: 1},{},{},{},{dot: 1},{},{},{},{dot: 1},{},{}
474,{},{},{},{dot: 1},{},{},{dot: 1},{},{},{dot: 1},{},{},{dot: 1},{},{},{dot: 1},{},{},{},{dot: 1},{},{},{},{dot: 1},{},{}
475,{},{},{},{dot: 1},{},{},{dot: 1},{dot: 1},{},{dot: 1},{},{},{dot: 1},{},{},{dot: 1},{},{},{},{dot: 1},{},{},{},{dot: 1},{},{}
476,{},{},{},{dot: 1},{dot: 1},{dot: 1},{dot: 1},{},{},{dot: 1},{},{},{dot: 1},{},{},{dot: 1},{},{},{},{dot: 1},{},{},{},{dot: 1},{},{}
477,{},{},{},{dot: 1},{},{},{dot: 1},{dot: 1},{},{dot: 1},{},{},{dot: 1},{},{},{dot: 1},{},{},{},{dot: 1},{},{},{},{dot: 1},{},{}
478,{},{},{},{dot: 1},{dot: 1},{dot: 1},{dot: 1},{},{},{dot: 1},{},{},{dot: 1},{},{},{dot: 1},{},{},{},{dot: 1},{},{},{},{dot: 1},{},{}
479,{},{},{},{dot: 1},{dot: 1},{dot: 1},{dot: 1},{dot: 1},{},{dot: 1},{},{},{dot: 1},{},{},{dot: 1},{},{},{},{dot: 1},{},{},{},{dot: 1},{},{}
480,{},{},{dot: 1},{dot: 1},{},{},{dot: 1},{},{},{dot: 1},{dot: 1},{},{dot: 1},{},{},{dot: 1},{},{},{},{dot: 1},{},{},{},{dot: 1},{},{}
481,{},{},{},{dot: 1},{dot: 1},{},{dot: 1},{dot: 1},{},{dot: 1},{},{},{dot: 1},{},{},{dot: 1},{},{},{},{dot: 1},{},{},{},{dot: 1},{},{}
482,{},{},{dot: 1},{dot: 1},{},{},{dot: 1},{dot: 1},{},{dot: 1},{},{},{dot: 1},{},{},{dot: 1},{},{},{},{dot: 1},{},{},{},{dot: 1},{},{}
483,{},{},{dot: 1},{dot: 1},{dot: 1},{dot: 1},{dot: 1},{},{},{dot: 1},{},{},{dot: 1},{},{},{dot: 1},{},{},{},{dot: 1},{},{},{},{dot: 1},{},{}
484,{},{},{},{dot: 1},{dot: 2},{},{dot: 1},{dot: 1},{},{dot: 1},{},{},{dot: 1},{},{},{dot: 1},{},{},{},{dot: 1},{},{},{},{dot: 1},{},{}
485,{},{},{dot: 1},{dot: 1},{dot: 1},{dot: 1},{dot: 1},{},{},{dot: 1},{},{},{dot: 1},{},{},{dot: 1},{},{},{},{dot: 1},{},{},{},{dot: 1},{},{}
486,{},{},{},{dot: 1},{dot: 1},{dot: 1},{dot: 1},{},{},{dot: 1},{},{},{dot: 1},{},{},{dot: 1},{},{},{},{dot: 1},{},{},{},{dot: 1},{},{}
487,{},{},{dot: 1},{dot: 1},{dot: 1},{},{dot: 1},{dot: 1},{},{dot: 1},{},{},{dot: 1},{},{},{dot: 1},{},{},{},{dot: 1},{},{},{},{dot: 1},{},{}
488,{},{},{dot: 2},{dot: 1},{},{},{dot: 1},{},{},{dot: 1},{dot: 1},{},{dot: 1},{},{},{dot: 1},{},{},{},{dot: 1},{},{},{},{dot: 1},{},{}
489,{},{},{dot: 2},{dot: 1},{dot: 2},{},{dot: 1},{dot: 1},{},{dot: 1},{},{},{dot: 1},{},{},{dot: 1},{},{},{},{dot: 1},{},{},{},{dot: 1},{},{}
490,{},{},{dot: 2},{dot: 1},{},{dot: 1},{dot: 1},{},{},{dot: 1},{},{},{dot: 1},{},{},{dot: 1},{},{},{},{dot: 1},{},{},{},{dot: 1},{},{}
491,{},{},{dot: 2},{dot: 1},{dot: 1},{},{dot: 1},{dot: 1},{},{dot: 1},{},{},{dot: 1},{},{},{dot: 1},{},{},{},{dot: 1},{},{},{},{dot: 1},{},{}
492,{},{},{dot: 2},{dot: 1},{dot: 1},{dot: 1},{dot: 1},{},{},{dot: 1},{},{},{dot: 1},{},{},{dot: 1},{},{},{},{dot: 1},{},{},{},{dot: 1},{},{}
493,{},{},{dot: 1},{dot: 1},{dot: 1},{},{dot: 1},{dot: 1},{},{dot: 1},{},{},{dot: 1},{},{},{dot: 1},{},{},{},{dot: 1},{},{},{},{dot: 1},{},{}
494,{},{},{dot: 1},{dot: 1},{},{},{dot: 1},{},{},{dot: 1},{dot: 1},{},{dot: 1},{},{},{dot: 1},{},{},{},{dot: 1},{},{},{},{dot: 1},{},{}
495,{},{},{},{dot: 1},{},{},{dot: 1},{},{},{dot: 1},{},{},{dot: 1},{},{},{dot: 1},{},{},{},{dot: 1},{},{},{},{dot: 1},{},{}
496,{},{},{},{dot: 1},{dot: 1},{},{dot: 1},{},{},{dot: 1},{},{},{dot: 1},{},{},{dot: 1},{},{},{},{dot: 1},{},{},{},{dot: 1},{},{}
497,{},{},{dot: 1},{dot: 1},{dot: 1},{},{dot: 1},{},{},{dot: 1},{},{},{dot: 1},{},{},{dot: 1},{},{},{},{dot: 1},{},{},{},{dot: 1},{},{}
498,{},{},{dot: 1},{dot: 1},{},{},{dot: 1},{dot: 1},{},{dot: 1},{},{},{dot: 1},{},{},{dot: 1},{},{},{},{dot: 1},{},{},{},{dot: 1},{},{}
499,{},{},{},{dot: 1},{dot: 1},{dot: 1},{dot: 1},{},{},{dot: 1},{dot: 1},{},{dot: 1},{},{},{dot: 1},{},{},{},{dot: 1},{},{},{},{dot: 1},{},{}
500,{},{},{},{dot: 1},{dot: 1},{dot: 1},{dot: 1},{dot: 1},{},{dot: 1},{},{},{dot: 1},{},{},{dot: 1},{},{},{},{dot: 1},{},{},{},{dot: 1},{},{}
