,R_plasmid_molecule,R_plasmid_strand_molecule,R_protein_molecule
0,{},{},{}
1,{},{},{}
2,{},{},{}
3,{},{},{}
4,{},{},{}
5,{},{},{}
6,{},{},{}
7,{},{},{}
8,{},{},{}
9,{},{},{}
10,{},{},{}
11,{},{},{}
12,{},{},{}
13,{},{},{}
14,{},{},{}
15,{},{},{}
16,{},{},{}
17,{},{},{}
18,{},{},{}
19,{},{},{}
20,{},{},{}
21,{},{},{}
22,{},{},{}
23,{},{},{}
24,{},{},{}
25,{},{},{}
26,{},{},{}
27,{},{},{}
28,{},{},{}
29,{},{},{}
30,{},{},{}
31,{},{},{}
32,{},{},{}
33,{},{},{}
34,{},{},{}
35,{},{},{}
36,{},{},{}
37,{},{},{}
38,{},{},{}
39,{},{},{}
40,{},{},{}
41,{},{},{}
42,{},{},{}
43,{},{},{}
44,{},{},{}
45,{},{},{}
46,{},{},{}
47,{},{},{}
48,{},{},{}
49,{},{},{}
50,{},{},{}
51,{},{},{}
52,{},{dot: 1},{}
53,{dot: 1},{},{}
54,{dot: 1},{},{dot: 1}
55,{dot: 1},{},{dot: 1}
56,{dot: 1},{},{dot: 1}
57,{dot: 1},{},{dot: 2}
58,{dot: 1},{},{dot: 1}
59,{dot: 1},{},{dot: 2}
60,{dot: 1},{},{dot: 2}
61,{dot: 1},{},{dot: 1}
62,{dot: 1},{},{dot: 1}
63,{dot: 1},{},{dot: 1}
64,{dot: 1},{},{dot: 1}
65,{dot: 1},{},{dot: 1}
66,{dot: 1},{},{}
67,{dot: 1},{},{dot: 1}
68,{dot: 1},{},{dot: 1}
69,{dot: 1},{},{}
70,{dot: 1},{},{dot: 1}
71,{dot: 1},{},{dot: 1}
72,{dot: 1},{},{dot: 1}
73,{dot: 1},{},{}
74,{dot: 1},{},{dot: 1}
75,{dot: 1},{},{dot: 2}
76,{dot: 1},{},{dot: 2}
77,{dot: 1},{},{dot: 3}
78,{dot: 1},{},{dot: 3}
79,{dot: 1},{},{dot: 3}
80,{dot: 1},{},{dot: 2}
81,{dot: 1},{},{dot: 2}
82,{dot: 1},{},{dot: 2}
83,{dot: 1},{},{dot: 3}
84,{dot: 1},{},{dot: 3}
85,{dot: 1},{},{dot: 2}
86,{dot: 1},{},{dot: 1}
87,{dot: 1},{},{dot: 1}
88,{dot: 1},{},{dot: 2}
89,{dot: 1},{},{dot: 2}
90,{dot: 1},{},{dot: 3}
91,{dot: 1},{},{dot: 3}
92,{dot: 1},{},{dot: 3}
93,{dot: 1},{},{dot: 3}
94,{dot: 1},{},{dot: 3}
95,{dot: 1},{},{dot: 2}
96,{dot: 1},{},{dot: 3}
97,{dot: 1},{},{dot: 4}
98,{dot: 1},{},{dot: 3}
99,{dot: 1},{},{dot: 3}
100,{dot: 1},{},{dot: 3}
101,{dot: 1},{},{dot: 3}
102,{dot: 1},{},{dot: 2}
103,{dot: 1},{},{dot: 2}
104,{dot: 1},{},{dot: 2}
105,{dot: 1},{},{dot: 2}
106,{dot: 1},{},{dot: 2}
107,{dot: 1},{},{dot: 1}
108,{dot: 1},{},{}
109,{dot: 1},{},{dot: 1}
110,{dot: 1},{},{dot: 2}
111,{dot: 1},{},{dot: 2}
112,{dot: 1},{},{dot: 3}
113,{dot: 1},{},{dot: 3}
114,{dot: 1},{},{dot: 3}
115,{dot: 1},{},{dot: 3}
116,{dot: 1},{},{dot: 3}
117,{dot: 1},{},{dot: 3}
118,{dot: 1},{},{dot: 4}
119,{dot: 1},{},{dot: 3}
120,{dot: 1},{},{dot: 3}
121,{dot: 1},{},{dot: 2}
122,{dot: 1},{},{dot: 2}
123,{dot: 1},{},{dot: 3}
124,{dot: 1},{},{dot: 2}
125,{dot: 1},{},{dot: 2}
126,{dot: 1},{},{dot: 3}
127,{dot: 1},{},{dot: 3}
128,{dot: 1},{},{dot: 4}
129,{dot: 1},{},{dot: 4}
130,{dot: 1},{},{dot: 4}
131,{dot: 1},{},{dot: 3}
132,{dot: 1},{},{dot: 3}
133,{dot: 1},{},{dot: 3}
134,{dot: 1},{},{dot: 3}
135,{dot: 1},{},{dot: 3}
136,{dot: 1},{},{dot: 3}
137,{dot: 1},{},{dot: 3}
138,{dot: 1},{},{dot: 4}
139,{dot: 1},{},{dot: 4}
140,{dot: 1},{},{dot: 4}
141,{dot: 1},{},{dot: 4}
142,{dot: 1},{},{dot: 3}
143,{dot: 1},{},{dot: 3}
144,{dot: 1},{},{dot: 4}
145,{dot: 1},{},{dot: 3}
146,{dot: 1},{},{dot: 3}
147,{dot: 1},{},{dot: 4}
148,{dot: 1},{},{dot: 4}
149,{dot: 1},{},{dot: 4}
150,{dot: 1},{},{dot: 4}
151,{dot: 1},{},{dot: 4}
152,{dot: 1},{},{dot: 4}
153,{dot: 1},{},{dot: 3}
154,{dot: 1},{},{dot: 3}
155,{dot: 1},{},{dot: 3}
156,{dot: 1},{},{dot: 3}
157,{dot: 1},{},{dot: 3}
158,{dot: 1},{},{dot: 3}
159,{dot: 1},{},{dot: 3}
160,{dot: 1},{},{dot: 3}
161,{dot: 1},{},{dot: 4}
162,{dot: 1},{},{dot: 4}
163,{dot: 1},{},{dot: 4}
164,{dot: 1},{},{dot: 4}
165,{dot: 1},{},{dot: 4}
166,{dot: 1},{},{dot: 4}
167,{dot: 1},{},{dot: 5}
168,{dot: 1},{},{dot: 4}
169,{dot: 1},{},{dot: 5}
170,{dot: 1},{},{dot: 5}
171,{dot: 1},{},{dot: 5}
172,{dot: 1},{},{dot: 5}
173,{dot: 1},{},{dot: 6}
174,{dot: 1},{},{dot: 7}
175,{dot: 1},{},{dot: 7}
176,{dot: 1},{},{dot: 6}
177,{dot: 1},{},{dot: 7}
178,{dot: 1},{},{dot: 6}
179,{dot: 1},{},{dot: 7}
180,{dot: 1},{},{dot: 7}
181,{dot: 1},{},{dot: 7}
182,{dot: 1},{},{dot: 7}
183,{dot: 1},{},{dot: 7}
184,{dot: 1},{},{dot: 7}
185,{dot: 1},{},{dot: 7}
186,{dot: 1},{},{dot: 7}
187,{dot: 1},{},{dot: 7}
188,{dot: 1},{},{dot: 7}
189,{dot: 1},{},{dot: 6}
190,{dot: 1},{},{dot: 5}
191,{dot: 1},{},{dot: 5}
192,{dot: 1},{},{dot: 4}
193,{dot: 1},{},{dot: 4}
194,{dot: 1},{},{dot: 3}
195,{dot: 1},{},{dot: 3}
196,{dot: 1},{},{dot: 3}
197,{dot: 1},{},{dot: 3}
198,{dot: 1},{},{dot: 3}
199,{dot: 1},{},{dot: 3}
200,{dot: 1},{},{dot: 3}
201,{dot: 1},{},{dot: 3}
202,{dot: 1},{},{dot: 4}
203,{dot: 1},{},{dot: 5}
204,{dot: 1},{},{dot: 5}
205,{dot: 1},{},{dot: 4}
206,{dot: 1},{},{dot: 4}
207,{dot: 1},{},{dot: 4}
208,{dot: 1},{},{dot: 5}
209,{dot: 1},{},{dot: 5}
210,{dot: 1},{},{dot: 5}
211,{dot: 1},{},{dot: 4}
212,{dot: 1},{},{dot: 4}
213,{dot: 1},{},{dot: 5}
214,{dot: 1},{},{dot: 6}
215,{dot: 1},{},{dot: 7}
216,{dot: 1},{},{dot: 7}
217,{dot: 1},{},{dot: 7}
218,{dot: 1},{},{dot: 7}
219,{dot: 1},{},{dot: 7}
220,{dot: 1},{},{dot: 6}
221,{dot: 1},{},{dot: 6}
222,{dot: 1},{},{dot: 5}
223,{dot: 1},{},{dot: 5}
224,{dot: 1},{},{dot: 4}
225,{dot: 1},{},{dot: 4}
226,{dot: 1},{},{dot: 4}
227,{dot: 1},{},{dot: 5}
228,{dot: 1},{},{dot: 5}
229,{dot: 1},{},{dot: 5}
230,{dot: 1},{},{dot: 5}
231,{dot: 1},{},{dot: 5}
232,{dot: 1},{},{dot: 5}
233,{dot: 1},{},{dot: 5}
234,{dot: 1},{},{dot: 5}
235,{dot: 1},{},{dot: 5}
236,{dot: 1},{},{dot: 5}
237,{dot: 1},{},{dot: 4}
238,{dot: 1},{},{dot: 4}
239,{dot: 1},{},{dot: 4}
240,{dot: 1},{},{dot: 4}
241,{dot: 1},{},{dot: 4}
242,{dot: 1},{},{dot: 4}
243,{dot: 1},{},{dot: 4}
244,{dot: 1},{},{dot: 4}
245,{dot: 1},{},{dot: 4}
246,{dot: 1},{},{dot: 3}
247,{dot: 1},{},{dot: 4}
248,{dot: 1},{},{dot: 3}
249,{dot: 1},{},{dot: 3}
250,{dot: 1},{},{dot: 3}
251,{dot: 1},{},{dot: 3}
252,{dot: 1},{},{dot: 2}
253,{dot: 1},{},{dot: 2}
254,{dot: 1},{},{dot: 2}
255,{dot: 1},{},{dot: 2}
256,{dot: 1},{},{dot: 2}
257,{dot: 1},{},{dot: 2}
258,{dot: 1},{},{dot: 1}
259,{dot: 1},{},{}
260,{dot: 1},{},{dot: 1}
261,{dot: 1},{},{}
262,{dot: 1},{},{dot: 1}
263,{dot: 1},{},{dot: 1}
264,{dot: 1},{},{}
265,{dot: 1},{},{dot: 1}
266,{dot: 1},{},{dot: 1}
267,{dot: 1},{},{dot: 1}
268,{dot: 1},{},{dot: 2}
269,{dot: 1},{},{dot: 2}
270,{dot: 1},{},{dot: 2}
271,{dot: 1},{},{dot: 3}
272,{dot: 1},{},{dot: 3}
273,{dot: 1},{},{dot: 3}
274,{dot: 1},{},{dot: 3}
275,{dot: 1},{},{dot: 3}
276,{dot: 1},{},{dot: 4}
277,{dot: 1},{},{dot: 3}
278,{dot: 1},{},{dot: 2}
279,{dot: 1},{},{dot: 1}
280,{dot: 1},{},{dot: 1}
281,{dot: 1},{},{dot: 1}
282,{dot: 1},{},{}
283,{dot: 1},{},{dot: 1}
284,{dot: 1},{},{}
285,{dot: 1},{},{}
286,{dot: 1},{},{dot: 1}
287,{dot: 1},{},{dot: 1}
288,{dot: 1},{},{dot: 1}
289,{dot: 1},{},{dot: 1}
290,{dot: 1},{},{dot: 1}
291,{dot: 1},{},{}
292,{dot: 1},{},{}
293,{dot: 1},{},{dot: 1}
294,{dot: 1},{},{}
295,{dot: 1},{},{dot: 1}
296,{dot: 1},{},{dot: 2}
297,{dot: 1},{},{dot: 2}
298,{dot: 1},{},{dot: 2}
299,{dot: 1},{},{dot: 2}
300,{dot: 1},{},{dot: 1}
