,donor,transconjugant
0,"{PetriNet('donor_0_net'): 1, 'R_plasmid_molecule': 1}",{PetriNet('transconjugant_0_net'): 1}
1,"{PetriNet('donor_0_net'): 1, 'R_protein_molecule': 1, 'R_plasmid_molecule': 1}",{PetriNet('transconjugant_0_net'): 1}
2,"{PetriNet('donor_0_net'): 1, 'R_plasmid_molecule': 1}",{PetriNet('transconjugant_0_net'): 1}
3,"{PetriNet('donor_0_net'): 1, 'R_protein_molecule': 1, 'R_plasmid_molecule': 1}",{PetriNet('transconjugant_0_net'): 1}
4,"{PetriNet('donor_0_net'): 1, 'R_protein_molecule': 1, 'R_plasmid_molecule': 1}",{PetriNet('transconjugant_0_net'): 1}
5,"{PetriNet('donor_0_net'): 1, 'R_protein_molecule': 1, 'R_plasmid_molecule': 1}",{PetriNet('transconjugant_0_net'): 1}
6,"{PetriNet('donor_0_net'): 1, 'R_protein_molecule': 1, 'R_plasmid_molecule': 1}",{PetriNet('transconjugant_0_net'): 1}
7,"{PetriNet('donor_0_net'): 1, 'R_protein_molecule': 1, 'R_plasmid_molecule': 1}",{PetriNet('transconjugant_0_net'): 1}
8,"{PetriNet('donor_0_net'): 1, 'R_protein_molecule': 2, 'R_plasmid_molecule': 1}",{PetriNet('transconjugant_0_net'): 1}
9,"{PetriNet('donor_0_net'): 1, 'R_protein_molecule': 2, 'R_plasmid_molecule': 1}",{PetriNet('transconjugant_0_net'): 1}
10,"{PetriNet('donor_0_net'): 1, 'R_protein_molecule': 2, 'R_plasmid_molecule': 1}",{PetriNet('transconjugant_0_net'): 1}
11,"{PetriNet('donor_0_net'): 1, 'R_protein_molecule': 2, 'R_plasmid_molecule': 1}",{PetriNet('transconjugant_0_net'): 1}
12,"{PetriNet('donor_0_net'): 1, 'R_protein_molecule': 2, 'R_plasmid_molecule': 1}",{PetriNet('transconjugant_0_net'): 1}
13,"{PetriNet('donor_0_net'): 1, 'R_protein_molecule': 2, 'R_plasmid_molecule': 1}",{PetriNet('transconjugant_0_net'): 1}
14,"{PetriNet('donor_0_net'): 1, 'R_protein_molecule': 1, 'R_plasmid_molecule': 1}",{PetriNet('transconjugant_0_net'): 1}
15,"{PetriNet('donor_0_net'): 1, 'R_plasmid_molecule': 1}",{PetriNet('transconjugant_0_net'): 1}
16,"{PetriNet('donor_0_net'): 1, 'R_protein_molecule': 1, 'R_plasmid_molecule': 1}",{PetriNet('transconjugant_0_net'): 1}
17,"{PetriNet('donor_0_net'): 1, 'R_protein_molecule': 1, 'R_plasmid_molecule': 1}",{PetriNet('transconjugant_0_net'): 1}
18,"{PetriNet('donor_0_net'): 1, 'R_protein_molecule': 1, 'R_plasmid_molecule': 1}",{PetriNet('transconjugant_0_net'): 1}
19,"{PetriNet('donor_0_net'): 1, 'R_protein_molecule': 1, 'R_plasmid_molecule': 1}",{PetriNet('transconjugant_0_net'): 1}
20,"{PetriNet('donor_0_net'): 1, 'R_protein_molecule': 1, 'R_plasmid_molecule': 1}",{PetriNet('transconjugant_0_net'): 1}
21,"{PetriNet('donor_0_net'): 1, 'R_protein_molecule': 1, 'R_plasmid_molecule': 1}",{PetriNet('transconjugant_0_net'): 1}
22,"{PetriNet('donor_0_net'): 1, 'R_plasmid_molecule': 1}",{PetriNet('transconjugant_0_net'): 1}
23,"{PetriNet('donor_0_net'): 1, 'R_protein_molecule': 1, 'R_plasmid_molecule': 1}",{PetriNet('transconjugant_0_net'): 1}
24,"{PetriNet('donor_0_net'): 1, 'R_protein_molecule': 1, 'R_plasmid_molecule': 1}",{PetriNet('transconjugant_0_net'): 1}
25,"{PetriNet('donor_0_net'): 1, 'R_protein_molecule': 1, 'R_plasmid_molecule': 1}",{PetriNet('transconjugant_0_net'): 1}
26,"{PetriNet('donor_0_net'): 1, 'R_protein_molecule': 1, 'R_plasmid_molecule': 1}",{PetriNet('transconjugant_0_net'): 1}
27,"{PetriNet('donor_0_net'): 1, 'R_plasmid_molecule': 1}",{PetriNet('transconjugant_0_net'): 1}
28,"{PetriNet('donor_0_net'): 1, 'R_protein_molecule': 1, 'R_plasmid_molecule': 1}",{PetriNet('transconjugant_0_net'): 1}
29,"{PetriNet('donor_0_net'): 1, 'R_plasmid_molecule': 1}",{PetriNet('transconjugant_0_net'): 1}
30,"{PetriNet('donor_0_net'): 1, 'R_protein_molecule': 1, 'R_plasmid_molecule': 1}",{PetriNet('transconjugant_0_net'): 1}
31,"{PetriNet('donor_0_net'): 1, 'R_protein_molecule': 1, 'R_plasmid_molecule': 1}",{PetriNet('transconjugant_0_net'): 1}
32,"{PetriNet('donor_0_net'): 1, 'R_plasmid_molecule': 1}",{PetriNet('transconjugant_0_net'): 1}
33,"{PetriNet('donor_0_net'): 1, 'R_protein_molecule': 1, 'R_plasmid_molecule': 1}",{PetriNet('transconjugant_0_net'): 1}
34,"{PetriNet('donor_0_net'): 1, 'R_protein_molecule': 1, 'R_plasmid_molecule': 1}",{PetriNet('transconjugant_0_net'): 1}
35,"{PetriNet('donor_0_net'): 1, 'R_protein_molecule': 1, 'R_plasmid_molecule': 1}",{PetriNet('transconjugant_0_net'): 1}
36,"{PetriNet('donor_0_net'): 1, 'R_plasmid_molecule': 1}",{PetriNet('transconjugant_0_net'): 1}
37,"{PetriNet('donor_0_net'): 1, 'R_plasmid_molecule': 1}",{PetriNet('transconjugant_0_net'): 1}
38,"{PetriNet('donor_0_net'): 1, 'R_protein_molecule': 1, 'R_plasmid_molecule': 1}",{PetriNet('transconjugant_0_net'): 1}
39,"{PetriNet('donor_0_net'): 1, 'R_protein_molecule': 1, 'R_plasmid_molecule': 1}",{PetriNet('transconjugant_0_net'): 1}
40,"{PetriNet('donor_0_net'): 1, 'R_protein_molecule': 1, 'R_plasmid_molecule': 1}",{PetriNet('transconjugant_0_net'): 1}
41,"{PetriNet('donor_0_net'): 1, 'R_protein_molecule': 1, 'R_plasmid_molecule': 1}",{PetriNet('transconjugant_0_net'): 1}
42,"{PetriNet('donor_0_net'): 1, 'R_protein_molecule': 1, 'R_plasmid_molecule': 1}",{PetriNet('transconjugant_0_net'): 1}
43,"{PetriNet('donor_0_net'): 1, 'R_protein_molecule': 1, 'R_plasmid_molecule': 1}",{PetriNet('transconjugant_0_net'): 1}
44,"{PetriNet('donor_0_net'): 1, 'R_protein_molecule': 1, 'R_plasmid_molecule': 1}",{PetriNet('transconjugant_0_net'): 1}
45,"{PetriNet('donor_0_net'): 1, 'R_protein_molecule': 2, 'R_plasmid_molecule': 1}",{PetriNet('transconjugant_0_net'): 1}
46,"{PetriNet('donor_0_net'): 1, 'R_protein_molecule': 2, 'R_plasmid_molecule': 1}",{PetriNet('transconjugant_0_net'): 1}
47,"{PetriNet('donor_0_net'): 1, 'R_protein_molecule': 2, 'R_plasmid_molecule': 1}",{PetriNet('transconjugant_0_net'): 1}
48,"{PetriNet('donor_0_net'): 1, 'R_protein_molecule': 3, 'R_plasmid_molecule': 1}",{PetriNet('transconjugant_0_net'): 1}
49,"{PetriNet('donor_0_net'): 1, 'R_protein_molecule': 2, 'R_plasmid_molecule': 1}",{PetriNet('transconjugant_0_net'): 1}
50,"{PetriNet('donor_0_net'): 1, 'R_protein_molecule': 2, 'R_plasmid_molecule': 1}",{PetriNet('transconjugant_0_net'): 1}
51,"{PetriNet('donor_0_net'): 1, 'R_protein_molecule': 3, 'pilus_molecule': 5, 'R_plasmid_strand_molecule': 1, 'R_plasmid_molecule': 1}",{PetriNet('transconjugant_0_net'): 1}
52,"{PetriNet('donor_0_net'): 1, 'R_protein_molecule': 4, 'pilus_molecule': 1, 'R_plasmid_strand_molecule': 1, 'R_plasmid_molecule': 1}","{PetriNet('transconjugant_0_net'): 1, 'R_plasmid_strand_molecule': 1}"
53,"{PetriNet('donor_0_net'): 1, 'R_protein_molecule': 5, 'pilus_molecule': 2, 'R_plasmid_molecule': 1}","{PetriNet('transconjugant_0_net'): 1, 'R_plasmid_molecule': 1}"
54,"{PetriNet('donor_0_net'): 1, 'R_protein_molecule': 5, 'pilus_molecule': 2, 'R_plasmid_molecule': 1}","{PetriNet('transconjugant_0_net'): 1, 'R_protein_molecule': 1, 'R_plasmid_molecule': 1}"
55,"{PetriNet('donor_0_net'): 1, 'R_protein_molecule': 6, 'pilus_molecule': 2, 'R_plasmid_molecule': 1}","{PetriNet('transconjugant_0_net'): 1, 'R_protein_molecule': 1, 'R_plasmid_molecule': 1}"
56,"{PetriNet('donor_0_net'): 1, 'R_protein_molecule': 6, 'pilus_molecule': 2, 'R_plasmid_molecule': 1}","{PetriNet('transconjugant_0_net'): 1, 'R_protein_molecule': 1, 'R_plasmid_molecule': 1}"
57,"{PetriNet('donor_0_net'): 1, 'R_protein_molecule': 6, 'pilus_molecule': 2, 'R_plasmid_molecule': 1}","{PetriNet('transconjugant_0_net'): 1, 'R_protein_molecule': 2, 'R_plasmid_molecule': 1}"
58,"{PetriNet('donor_0_net'): 1, 'R_protein_molecule': 6, 'pilus_molecule': 2, 'R_plasmid_molecule': 1}","{PetriNet('transconjugant_0_net'): 1, 'R_protein_molecule': 1, 'R_plasmid_molecule': 1}"
59,"{PetriNet('donor_0_net'): 1, 'R_protein_molecule': 6, 'pilus_molecule': 1, 'R_plasmid_molecule': 1}","{PetriNet('transconjugant_0_net'): 1, 'R_protein_molecule': 2, 'R_plasmid_molecule': 1}"
60,"{PetriNet('donor_0_net'): 1, 'R_protein_molecule': 5, 'R_plasmid_molecule': 1, 'pilus_molecule': 2}","{PetriNet('transconjugant_0_net'): 1, 'R_protein_molecule': 2, 'R_plasmid_molecule': 1}"
61,"{PetriNet('donor_0_net'): 1, 'R_protein_molecule': 4, 'R_plasmid_molecule': 1, 'pilus_molecule': 3}","{PetriNet('transconjugant_0_net'): 1, 'R_protein_molecule': 1, 'R_plasmid_molecule': 1}"
62,"{PetriNet('donor_0_net'): 1, 'R_protein_molecule': 3, 'R_plasmid_molecule': 1, 'pilus_molecule': 3}","{PetriNet('transconjugant_0_net'): 1, 'R_protein_molecule': 1, 'R_plasmid_molecule': 1}"
63,"{PetriNet('donor_0_net'): 1, 'R_protein_molecule': 3, 'pilus_molecule': 3, 'R_plasmid_molecule': 1}","{PetriNet('transconjugant_0_net'): 1, 'R_protein_molecule': 1, 'R_plasmid_molecule': 1}"
64,"{PetriNet('donor_0_net'): 1, 'R_protein_molecule': 3, 'pilus_molecule': 3, 'R_plasmid_molecule': 1}","{PetriNet('transconjugant_0_net'): 1, 'R_protein_molecule': 1, 'R_plasmid_molecule': 1}"
65,"{PetriNet('donor_0_net'): 1, 'R_protein_molecule': 3, 'pilus_molecule': 3, 'R_plasmid_molecule': 1}","{PetriNet('transconjugant_0_net'): 1, 'R_protein_molecule': 1, 'R_plasmid_molecule': 1}"
66,"{PetriNet('donor_0_net'): 1, 'R_protein_molecule': 3, 'pilus_molecule': 3, 'R_plasmid_molecule': 1}","{PetriNet('transconjugant_0_net'): 1, 'R_plasmid_molecule': 1}"
67,"{PetriNet('donor_0_net'): 1, 'R_protein_molecule': 3, 'pilus_molecule': 2, 'R_plasmid_molecule': 1}","{PetriNet('transconjugant_0_net'): 1, 'R_protein_molecule': 1, 'R_plasmid_molecule': 1}"
68,"{PetriNet('donor_0_net'): 1, 'R_protein_molecule': 4, 'pilus_molecule': 2, 'R_plasmid_molecule': 1}","{PetriNet('transconjugant_0_net'): 1, 'R_protein_molecule': 1, 'R_plasmid_molecule': 1}"
69,"{PetriNet('donor_0_net'): 1, 'R_protein_molecule': 4, 'pilus_molecule': 1, 'R_plasmid_molecule': 1}","{PetriNet('transconjugant_0_net'): 1, 'R_plasmid_molecule': 1}"
70,"{PetriNet('donor_0_net'): 1, 'R_protein_molecule': 4, 'R_plasmid_molecule': 1, 'pilus_molecule': 2}","{PetriNet('transconjugant_0_net'): 1, 'R_protein_molecule': 1, 'R_plasmid_molecule': 1}"
71,"{PetriNet('donor_0_net'): 1, 'R_protein_molecule': 4, 'pilus_molecule': 1, 'R_plasmid_molecule': 1}","{PetriNet('transconjugant_0_net'): 1, 'R_protein_molecule': 1, 'R_plasmid_molecule': 1}"
72,"{PetriNet('donor_0_net'): 1, 'R_protein_molecule': 4, 'pilus_molecule': 1, 'R_plasmid_molecule': 1}","{PetriNet('transconjugant_0_net'): 1, 'R_protein_molecule': 1, 'R_plasmid_molecule': 1}"
73,"{PetriNet('donor_0_net'): 1, 'R_protein_molecule': 4, 'R_plasmid_molecule': 1}","{PetriNet('transconjugant_0_net'): 1, 'R_plasmid_molecule': 1}"
74,"{PetriNet('donor_0_net'): 1, 'R_protein_molecule': 5, 'R_plasmid_molecule': 1}","{PetriNet('transconjugant_0_net'): 1, 'R_protein_molecule': 1, 'R_plasmid_molecule': 1}"
75,"{PetriNet('donor_0_net'): 1, 'R_protein_molecule': 6, 'R_plasmid_molecule': 1}","{PetriNet('transconjugant_0_net'): 1, 'R_protein_molecule': 2, 'R_plasmid_molecule': 1}"
76,"{PetriNet('donor_0_net'): 1, 'R_protein_molecule': 6, 'R_plasmid_molecule': 1}","{PetriNet('transconjugant_0_net'): 1, 'R_protein_molecule': 2, 'R_plasmid_molecule': 1}"
77,"{PetriNet('donor_0_net'): 1, 'R_protein_molecule': 7, 'R_plasmid_molecule': 1}","{PetriNet('transconjugant_0_net'): 1, 'R_protein_molecule': 3, 'R_plasmid_molecule': 1}"
78,"{PetriNet('donor_0_net'): 1, 'R_protein_molecule': 8, 'R_plasmid_molecule': 1}","{PetriNet('transconjugant_0_net'): 1, 'R_protein_molecule': 3, 'R_plasmid_molecule': 1}"
79,"{PetriNet('donor_0_net'): 1, 'R_protein_molecule': 8, 'R_plasmid_molecule': 1}","{PetriNet('transconjugant_0_net'): 1, 'R_protein_molecule': 3, 'R_plasmid_molecule': 1}"
80,"{PetriNet('donor_0_net'): 1, 'R_protein_molecule': 7, 'R_plasmid_molecule': 1}","{PetriNet('transconjugant_0_net'): 1, 'R_protein_molecule': 2, 'R_plasmid_molecule': 1}"
81,"{PetriNet('donor_0_net'): 1, 'R_protein_molecule': 7, 'R_plasmid_molecule': 1}","{PetriNet('transconjugant_0_net'): 1, 'R_protein_molecule': 2, 'R_plasmid_molecule': 1}"
82,"{PetriNet('donor_0_net'): 1, 'R_protein_molecule': 8, 'R_plasmid_molecule': 1}","{PetriNet('transconjugant_0_net'): 1, 'R_protein_molecule': 2, 'R_plasmid_molecule': 1}"
83,"{PetriNet('donor_0_net'): 1, 'R_protein_molecule': 8, 'R_plasmid_molecule': 1}","{PetriNet('transconjugant_0_net'): 1, 'R_protein_molecule': 3, 'R_plasmid_molecule': 1}"
84,"{PetriNet('donor_0_net'): 1, 'R_protein_molecule': 8, 'R_plasmid_molecule': 1}","{PetriNet('transconjugant_0_net'): 1, 'R_protein_molecule': 3, 'R_plasmid_molecule': 1}"
85,"{PetriNet('donor_0_net'): 1, 'R_protein_molecule': 8, 'R_plasmid_molecule': 1}","{PetriNet('transconjugant_0_net'): 1, 'R_protein_molecule': 2, 'R_plasmid_molecule': 1}"
86,"{PetriNet('donor_0_net'): 1, 'R_protein_molecule': 8, 'R_plasmid_molecule': 1}","{PetriNet('transconjugant_0_net'): 1, 'R_protein_molecule': 1, 'R_plasmid_molecule': 1}"
87,"{PetriNet('donor_0_net'): 1, 'R_protein_molecule': 7, 'R_plasmid_molecule': 1}","{PetriNet('transconjugant_0_net'): 1, 'R_protein_molecule': 1, 'R_plasmid_molecule': 1}"
88,"{PetriNet('donor_0_net'): 1, 'R_protein_molecule': 7, 'R_plasmid_molecule': 1}","{PetriNet('transconjugant_0_net'): 1, 'R_protein_molecule': 2, 'R_plasmid_molecule': 1}"
89,"{PetriNet('donor_0_net'): 1, 'R_protein_molecule': 7, 'R_plasmid_molecule': 1}","{PetriNet('transconjugant_0_net'): 1, 'R_protein_molecule': 2, 'R_plasmid_molecule': 1}"
90,"{PetriNet('donor_0_net'): 1, 'R_protein_molecule': 8, 'R_plasmid_molecule': 1}","{PetriNet('transconjugant_0_net'): 1, 'R_protein_molecule': 3, 'R_plasmid_molecule': 1}"
91,"{PetriNet('donor_0_net'): 1, 'R_protein_molecule': 8, 'R_plasmid_molecule': 1}","{PetriNet('transconjugant_0_net'): 1, 'R_protein_molecule': 3, 'R_plasmid_molecule': 1}"
92,"{PetriNet('donor_0_net'): 1, 'R_protein_molecule': 8, 'R_plasmid_molecule': 1}","{PetriNet('transconjugant_0_net'): 1, 'R_protein_molecule': 3, 'R_plasmid_molecule': 1}"
93,"{PetriNet('donor_0_net'): 1, 'R_protein_molecule': 8, 'R_plasmid_molecule': 1}","{PetriNet('transconjugant_0_net'): 1, 'R_protein_molecule': 3, 'R_plasmid_molecule': 1}"
94,"{PetriNet('donor_0_net'): 1, 'R_protein_molecule': 7, 'R_plasmid_molecule': 1}","{PetriNet('transconjugant_0_net'): 1, 'R_protein_molecule': 3, 'R_plasmid_molecule': 1}"
95,"{PetriNet('donor_0_net'): 1, 'R_protein_molecule': 6, 'R_plasmid_molecule': 1}","{PetriNet('transconjugant_0_net'): 1, 'R_protein_molecule': 2, 'R_plasmid_molecule': 1}"
96,"{PetriNet('donor_0_net'): 1, 'R_protein_molecule': 6, 'R_plasmid_molecule': 1}","{PetriNet('transconjugant_0_net'): 1, 'R_protein_molecule': 3, 'R_plasmid_molecule': 1}"
97,"{PetriNet('donor_0_net'): 1, 'R_protein_molecule': 7, 'R_plasmid_molecule': 1}","{PetriNet('transconjugant_0_net'): 1, 'R_protein_molecule': 4, 'R_plasmid_molecule': 1}"
98,"{PetriNet('donor_0_net'): 1, 'R_protein_molecule': 6, 'R_plasmid_molecule': 1}","{PetriNet('transconjugant_0_net'): 1, 'R_protein_molecule': 3, 'R_plasmid_molecule': 1}"
99,"{PetriNet('donor_0_net'): 1, 'R_protein_molecule': 6, 'R_plasmid_molecule': 1}","{PetriNet('transconjugant_0_net'): 1, 'R_protein_molecule': 3, 'R_plasmid_molecule': 1}"
100,"{PetriNet('donor_0_net'): 1, 'R_protein_molecule': 5, 'R_plasmid_molecule': 1}","{PetriNet('transconjugant_0_net'): 1, 'R_protein_molecule': 3, 'R_plasmid_molecule': 1}"
101,"{PetriNet('donor_0_net'): 1, 'R_protein_molecule': 4, 'R_plasmid_molecule': 1}","{PetriNet('transconjugant_0_net'): 1, 'R_protein_molecule': 3, 'R_plasmid_molecule': 1}"
102,"{PetriNet('donor_0_net'): 1, 'R_protein_molecule': 4, 'R_plasmid_molecule': 1}","{PetriNet('transconjugant_0_net'): 1, 'R_protein_molecule': 2, 'R_plasmid_molecule': 1}"
103,"{PetriNet('donor_0_net'): 1, 'R_protein_molecule': 5, 'R_plasmid_molecule': 1}","{PetriNet('transconjugant_0_net'): 1, 'R_protein_molecule': 2, 'R_plasmid_molecule': 1}"
104,"{PetriNet('donor_0_net'): 1, 'R_protein_molecule': 4, 'R_plasmid_molecule': 1}","{PetriNet('transconjugant_0_net'): 1, 'R_protein_molecule': 2, 'R_plasmid_molecule': 1}"
105,"{PetriNet('donor_0_net'): 1, 'R_protein_molecule': 4, 'R_plasmid_molecule': 1}","{PetriNet('transconjugant_0_net'): 1, 'R_protein_molecule': 2, 'R_plasmid_molecule': 1}"
106,"{PetriNet('donor_0_net'): 1, 'R_protein_molecule': 4, 'R_plasmid_molecule': 1}","{PetriNet('transconjugant_0_net'): 1, 'R_protein_molecule': 2, 'R_plasmid_molecule': 1}"
107,"{PetriNet('donor_0_net'): 1, 'R_protein_molecule': 5, 'R_plasmid_molecule': 1}","{PetriNet('transconjugant_0_net'): 1, 'R_protein_molecule': 1, 'R_plasmid_molecule': 1}"
108,"{PetriNet('donor_0_net'): 1, 'R_protein_molecule': 5, 'R_plasmid_molecule': 1}","{PetriNet('transconjugant_0_net'): 1, 'R_plasmid_molecule': 1}"
109,"{PetriNet('donor_0_net'): 1, 'R_protein_molecule': 6, 'R_plasmid_molecule': 1}","{PetriNet('transconjugant_0_net'): 1, 'R_protein_molecule': 1, 'R_plasmid_molecule': 1}"
110,"{PetriNet('donor_0_net'): 1, 'R_protein_molecule': 6, 'R_plasmid_molecule': 1}","{PetriNet('transconjugant_0_net'): 1, 'R_protein_molecule': 2, 'R_plasmid_molecule': 1}"
111,"{PetriNet('donor_0_net'): 1, 'R_protein_molecule': 6, 'R_plasmid_molecule': 1}","{PetriNet('transconjugant_0_net'): 1, 'R_protein_molecule': 2, 'R_plasmid_molecule': 1}"
112,"{PetriNet('donor_0_net'): 1, 'R_protein_molecule': 6, 'R_plasmid_molecule': 1}","{PetriNet('transconjugant_0_net'): 1, 'R_protein_molecule': 3, 'R_plasmid_molecule': 1}"
113,"{PetriNet('donor_0_net'): 1, 'R_protein_molecule': 6, 'R_plasmid_molecule': 1}","{PetriNet('transconjugant_0_net'): 1, 'R_protein_molecule': 3, 'R_plasmid_molecule': 1}"
114,"{PetriNet('donor_0_net'): 1, 'R_protein_molecule': 7, 'R_plasmid_molecule': 1}","{PetriNet('transconjugant_0_net'): 1, 'R_protein_molecule': 3, 'R_plasmid_molecule': 1}"
115,"{PetriNet('donor_0_net'): 1, 'R_protein_molecule': 7, 'R_plasmid_molecule': 1}","{PetriNet('transconjugant_0_net'): 1, 'R_protein_molecule': 3, 'R_plasmid_molecule': 1}"
116,"{PetriNet('donor_0_net'): 1, 'R_protein_molecule': 7, 'R_plasmid_molecule': 1}","{PetriNet('transconjugant_0_net'): 1, 'R_protein_molecule': 3, 'R_plasmid_molecule': 1}"
117,"{PetriNet('donor_0_net'): 1, 'R_protein_molecule': 7, 'R_plasmid_molecule': 1}","{PetriNet('transconjugant_0_net'): 1, 'R_protein_molecule': 3, 'R_plasmid_molecule': 1}"
118,"{PetriNet('donor_0_net'): 1, 'R_protein_molecule': 8, 'R_plasmid_molecule': 1}","{PetriNet('transconjugant_0_net'): 1, 'R_protein_molecule': 4, 'R_plasmid_molecule': 1}"
119,"{PetriNet('donor_0_net'): 1, 'R_protein_molecule': 8, 'R_plasmid_molecule': 1}","{PetriNet('transconjugant_0_net'): 1, 'R_protein_molecule': 3, 'R_plasmid_molecule': 1}"
120,"{PetriNet('donor_0_net'): 1, 'R_protein_molecule': 8, 'R_plasmid_molecule': 1}","{PetriNet('transconjugant_0_net'): 1, 'R_protein_molecule': 3, 'R_plasmid_molecule': 1}"
121,"{PetriNet('donor_0_net'): 1, 'R_protein_molecule': 8, 'R_plasmid_molecule': 1}","{PetriNet('transconjugant_0_net'): 1, 'R_protein_molecule': 2, 'R_plasmid_molecule': 1}"
122,"{PetriNet('donor_0_net'): 1, 'R_protein_molecule': 8, 'R_plasmid_molecule': 1}","{PetriNet('transconjugant_0_net'): 1, 'R_protein_molecule': 2, 'R_plasmid_molecule': 1}"
123,"{PetriNet('donor_0_net'): 1, 'R_protein_molecule': 7, 'R_plasmid_molecule': 1}","{PetriNet('transconjugant_0_net'): 1, 'R_protein_molecule': 3, 'R_plasmid_molecule': 1}"
124,"{PetriNet('donor_0_net'): 1, 'R_protein_molecule': 7, 'R_plasmid_molecule': 1}","{PetriNet('transconjugant_0_net'): 1, 'R_protein_molecule': 2, 'R_plasmid_molecule': 1}"
125,"{PetriNet('donor_0_net'): 1, 'R_protein_molecule': 8, 'R_plasmid_molecule': 1}","{PetriNet('transconjugant_0_net'): 1, 'R_protein_molecule': 2, 'R_plasmid_molecule': 1}"
126,"{PetriNet('donor_0_net'): 1, 'R_protein_molecule': 7, 'R_plasmid_molecule': 1}","{PetriNet('transconjugant_0_net'): 1, 'R_protein_molecule': 3, 'R_plasmid_molecule': 1}"
127,"{PetriNet('donor_0_net'): 1, 'R_protein_molecule': 7, 'R_plasmid_molecule': 1}","{PetriNet('transconjugant_0_net'): 1, 'R_protein_molecule': 3, 'R_plasmid_molecule': 1}"
128,"{PetriNet('donor_0_net'): 1, 'R_protein_molecule': 7, 'R_plasmid_molecule': 1}","{PetriNet('transconjugant_0_net'): 1, 'R_protein_molecule': 4, 'R_plasmid_molecule': 1}"
129,"{PetriNet('donor_0_net'): 1, 'R_protein_molecule': 7, 'R_plasmid_molecule': 1}","{PetriNet('transconjugant_0_net'): 1, 'R_protein_molecule': 4, 'R_plasmid_molecule': 1}"
130,"{PetriNet('donor_0_net'): 1, 'R_protein_molecule': 8, 'R_plasmid_molecule': 1}","{PetriNet('transconjugant_0_net'): 1, 'R_protein_molecule': 4, 'R_plasmid_molecule': 1}"
131,"{PetriNet('donor_0_net'): 1, 'R_protein_molecule': 7, 'R_plasmid_molecule': 1}","{PetriNet('transconjugant_0_net'): 1, 'R_protein_molecule': 3, 'R_plasmid_molecule': 1}"
132,"{PetriNet('donor_0_net'): 1, 'R_protein_molecule': 7, 'R_plasmid_molecule': 1}","{PetriNet('transconjugant_0_net'): 1, 'R_protein_molecule': 3, 'R_plasmid_molecule': 1}"
133,"{PetriNet('donor_0_net'): 1, 'R_protein_molecule': 6, 'R_plasmid_molecule': 1}","{PetriNet('transconjugant_0_net'): 1, 'R_protein_molecule': 3, 'R_plasmid_molecule': 1}"
134,"{PetriNet('donor_0_net'): 1, 'R_protein_molecule': 6, 'R_plasmid_molecule': 1}","{PetriNet('transconjugant_0_net'): 1, 'R_protein_molecule': 3, 'R_plasmid_molecule': 1}"
135,"{PetriNet('donor_0_net'): 1, 'R_protein_molecule': 6, 'R_plasmid_molecule': 1}","{PetriNet('transconjugant_0_net'): 1, 'R_protein_molecule': 3, 'R_plasmid_molecule': 1}"
136,"{PetriNet('donor_0_net'): 1, 'R_protein_molecule': 5, 'R_plasmid_molecule': 1}","{PetriNet('transconjugant_0_net'): 1, 'R_protein_molecule': 3, 'R_plasmid_molecule': 1}"
137,"{PetriNet('donor_0_net'): 1, 'R_protein_molecule': 6, 'R_plasmid_molecule': 1}","{PetriNet('transconjugant_0_net'): 1, 'R_protein_molecule': 3, 'R_plasmid_molecule': 1}"
138,"{PetriNet('donor_0_net'): 1, 'R_protein_molecule': 6, 'R_plasmid_molecule': 1}","{PetriNet('transconjugant_0_net'): 1, 'R_protein_molecule': 4, 'R_plasmid_molecule': 1}"
139,"{PetriNet('donor_0_net'): 1, 'R_protein_molecule': 6, 'R_plasmid_molecule': 1}","{PetriNet('transconjugant_0_net'): 1, 'R_protein_molecule': 4, 'R_plasmid_molecule': 1}"
140,"{PetriNet('donor_0_net'): 1, 'R_protein_molecule': 5, 'R_plasmid_molecule': 1}","{PetriNet('transconjugant_0_net'): 1, 'R_protein_molecule': 4, 'R_plasmid_molecule': 1}"
141,"{PetriNet('donor_0_net'): 1, 'R_protein_molecule': 5, 'R_plasmid_molecule': 1}","{PetriNet('transconjugant_0_net'): 1, 'R_protein_molecule': 4, 'R_plasmid_molecule': 1}"
142,"{PetriNet('donor_0_net'): 1, 'R_protein_molecule': 4, 'R_plasmid_molecule': 1}","{PetriNet('transconjugant_0_net'): 1, 'R_protein_molecule': 3, 'R_plasmid_molecule': 1}"
143,"{PetriNet('donor_0_net'): 1, 'R_protein_molecule': 4, 'R_plasmid_molecule': 1}","{PetriNet('transconjugant_0_net'): 1, 'R_protein_molecule': 3, 'R_plasmid_molecule': 1}"
144,"{PetriNet('donor_0_net'): 1, 'R_protein_molecule': 3, 'R_plasmid_molecule': 1}","{PetriNet('transconjugant_0_net'): 1, 'R_protein_molecule': 4, 'R_plasmid_molecule': 1}"
145,"{PetriNet('donor_0_net'): 1, 'R_protein_molecule': 3, 'R_plasmid_molecule': 1}","{PetriNet('transconjugant_0_net'): 1, 'R_protein_molecule': 3, 'R_plasmid_molecule': 1}"
146,"{PetriNet('donor_0_net'): 1, 'R_protein_molecule': 2, 'R_plasmid_molecule': 1}","{PetriNet('transconjugant_0_net'): 1, 'R_protein_molecule': 3, 'R_plasmid_molecule': 1}"
147,"{PetriNet('donor_0_net'): 1, 'R_protein_molecule': 2, 'R_plasmid_molecule': 1}","{PetriNet('transconjugant_0_net'): 1, 'R_protein_molecule': 4, 'R_plasmid_molecule': 1}"
148,"{PetriNet('donor_0_net'): 1, 'R_protein_molecule': 1, 'R_plasmid_molecule': 1}","{PetriNet('transconjugant_0_net'): 1, 'R_protein_molecule': 4, 'R_plasmid_molecule': 1}"
149,"{PetriNet('donor_0_net'): 1, 'R_protein_molecule': 1, 'R_plasmid_molecule': 1}","{PetriNet('transconjugant_0_net'): 1, 'R_protein_molecule': 4, 'R_plasmid_molecule': 1}"
150,"{PetriNet('donor_0_net'): 1, 'R_protein_molecule': 1, 'R_plasmid_molecule': 1}","{PetriNet('transconjugant_0_net'): 1, 'R_protein_molecule': 4, 'R_plasmid_molecule': 1}"
151,"{PetriNet('donor_0_net'): 1, 'R_protein_molecule': 2, 'R_plasmid_molecule': 1}","{PetriNet('transconjugant_0_net'): 1, 'R_protein_molecule': 4, 'R_plasmid_molecule': 1}"
152,"{PetriNet('donor_0_net'): 1, 'R_protein_molecule': 3, 'R_plasmid_molecule': 1}","{PetriNet('transconjugant_0_net'): 1, 'R_protein_molecule': 4, 'R_plasmid_molecule': 1}"
153,"{PetriNet('donor_0_net'): 1, 'R_protein_molecule': 3, 'R_plasmid_molecule': 1}","{PetriNet('transconjugant_0_net'): 1, 'R_protein_molecule': 3, 'R_plasmid_molecule': 1}"
154,"{PetriNet('donor_0_net'): 1, 'R_protein_molecule': 3, 'R_plasmid_molecule': 1}","{PetriNet('transconjugant_0_net'): 1, 'R_protein_molecule': 3, 'R_plasmid_molecule': 1}"
155,"{PetriNet('donor_0_net'): 1, 'R_protein_molecule': 4, 'R_plasmid_molecule': 1}","{PetriNet('transconjugant_0_net'): 1, 'R_protein_molecule': 3, 'R_plasmid_molecule': 1}"
156,"{PetriNet('donor_0_net'): 1, 'R_protein_molecule': 5, 'R_plasmid_molecule': 1}","{PetriNet('transconjugant_0_net'): 1, 'R_protein_molecule': 3, 'R_plasmid_molecule': 1}"
157,"{PetriNet('donor_0_net'): 1, 'R_protein_molecule': 6, 'R_plasmid_molecule': 1}","{PetriNet('transconjugant_0_net'): 1, 'R_protein_molecule': 3, 'R_plasmid_molecule': 1}"
158,"{PetriNet('donor_0_net'): 1, 'R_protein_molecule': 6, 'R_plasmid_molecule': 1}","{PetriNet('transconjugant_0_net'): 1, 'R_protein_molecule': 3, 'R_plasmid_molecule': 1}"
159,"{PetriNet('donor_0_net'): 1, 'R_protein_molecule': 6, 'R_plasmid_molecule': 1}","{PetriNet('transconjugant_0_net'): 1, 'R_protein_molecule': 3, 'R_plasmid_molecule': 1}"
160,"{PetriNet('donor_0_net'): 1, 'R_protein_molecule': 5, 'R_plasmid_molecule': 1}","{PetriNet('transconjugant_0_net'): 1, 'R_protein_molecule': 3, 'R_plasmid_molecule': 1}"
161,"{PetriNet('donor_0_net'): 1, 'R_protein_molecule': 5, 'R_plasmid_molecule': 1}","{PetriNet('transconjugant_0_net'): 1, 'R_protein_molecule': 4, 'R_plasmid_molecule': 1}"
162,"{PetriNet('donor_0_net'): 1, 'R_protein_molecule': 6, 'R_plasmid_molecule': 1}","{PetriNet('transconjugant_0_net'): 1, 'R_protein_molecule': 4, 'R_plasmid_molecule': 1}"
163,"{PetriNet('donor_0_net'): 1, 'R_protein_molecule': 5, 'R_plasmid_molecule': 1}","{PetriNet('transconjugant_0_net'): 1, 'R_protein_molecule': 4, 'R_plasmid_molecule': 1}"
164,"{PetriNet('donor_0_net'): 1, 'R_protein_molecule': 4, 'R_plasmid_molecule': 1}","{PetriNet('transconjugant_0_net'): 1, 'R_protein_molecule': 4, 'R_plasmid_molecule': 1}"
165,"{PetriNet('donor_0_net'): 1, 'R_protein_molecule': 4, 'R_plasmid_molecule': 1}","{PetriNet('transconjugant_0_net'): 1, 'R_protein_molecule': 4, 'R_plasmid_molecule': 1}"
166,"{PetriNet('donor_0_net'): 1, 'R_protein_molecule': 4, 'R_plasmid_molecule': 1}","{PetriNet('transconjugant_0_net'): 1, 'R_protein_molecule': 4, 'R_plasmid_molecule': 1}"
167,"{PetriNet('donor_0_net'): 1, 'R_protein_molecule': 4, 'R_plasmid_molecule': 1}","{PetriNet('transconjugant_0_net'): 1, 'R_protein_molecule': 5, 'R_plasmid_molecule': 1}"
168,"{PetriNet('donor_0_net'): 1, 'R_protein_molecule': 5, 'R_plasmid_molecule': 1}","{PetriNet('transconjugant_0_net'): 1, 'R_protein_molecule': 4, 'R_plasmid_molecule': 1}"
169,"{PetriNet('donor_0_net'): 1, 'R_protein_molecule': 5, 'R_plasmid_molecule': 1}","{PetriNet('transconjugant_0_net'): 1, 'R_protein_molecule': 5, 'R_plasmid_molecule': 1}"
170,"{PetriNet('donor_0_net'): 1, 'R_protein_molecule': 4, 'R_plasmid_molecule': 1}","{PetriNet('transconjugant_0_net'): 1, 'R_protein_molecule': 5, 'R_plasmid_molecule': 1}"
171,"{PetriNet('donor_0_net'): 1, 'R_protein_molecule': 4, 'R_plasmid_molecule': 1}","{PetriNet('transconjugant_0_net'): 1, 'R_protein_molecule': 5, 'R_plasmid_molecule': 1}"
172,"{PetriNet('donor_0_net'): 1, 'R_protein_molecule': 5, 'R_plasmid_molecule': 1}","{PetriNet('transconjugant_0_net'): 1, 'R_protein_molecule': 5, 'R_plasmid_molecule': 1}"
173,"{PetriNet('donor_0_net'): 1, 'R_protein_molecule': 6, 'R_plasmid_molecule': 1}","{PetriNet('transconjugant_0_net'): 1, 'R_protein_molecule': 6, 'R_plasmid_molecule': 1}"
174,"{PetriNet('donor_0_net'): 1, 'R_protein_molecule': 6, 'R_plasmid_molecule': 1}","{PetriNet('transconjugant_0_net'): 1, 'R_protein_molecule': 7, 'R_plasmid_molecule': 1}"
175,"{PetriNet('donor_0_net'): 1, 'R_protein_molecule': 5, 'R_plasmid_molecule': 1}","{PetriNet('transconjugant_0_net'): 1, 'R_protein_molecule': 7, 'R_plasmid_molecule': 1}"
176,"{PetriNet('donor_0_net'): 1, 'R_protein_molecule': 5, 'R_plasmid_molecule': 1}","{PetriNet('transconjugant_0_net'): 1, 'R_protein_molecule': 6, 'R_plasmid_molecule': 1}"
177,"{PetriNet('donor_0_net'): 1, 'R_protein_molecule': 4, 'R_plasmid_molecule': 1}","{PetriNet('transconjugant_0_net'): 1, 'R_protein_molecule': 7, 'R_plasmid_molecule': 1}"
178,"{PetriNet('donor_0_net'): 1, 'R_protein_molecule': 4, 'R_plasmid_molecule': 1}","{PetriNet('transconjugant_0_net'): 1, 'R_protein_molecule': 6, 'R_plasmid_molecule': 1}"
179,"{PetriNet('donor_0_net'): 1, 'R_protein_molecule': 4, 'R_plasmid_molecule': 1}","{PetriNet('transconjugant_0_net'): 1, 'R_protein_molecule': 7, 'R_plasmid_molecule': 1}"
180,"{PetriNet('donor_0_net'): 1, 'R_protein_molecule': 4, 'R_plasmid_molecule': 1}","{PetriNet('transconjugant_0_net'): 1, 'R_protein_molecule': 7, 'R_plasmid_molecule': 1}"
181,"{PetriNet('donor_0_net'): 1, 'R_protein_molecule': 4, 'R_plasmid_molecule': 1}","{PetriNet('transconjugant_0_net'): 1, 'R_protein_molecule': 7, 'R_plasmid_molecule': 1}"
182,"{PetriNet('donor_0_net'): 1, 'R_protein_molecule': 4, 'R_plasmid_molecule': 1}","{PetriNet('transconjugant_0_net'): 1, 'R_protein_molecule': 7, 'R_plasmid_molecule': 1}"
183,"{PetriNet('donor_0_net'): 1, 'R_protein_molecule': 4, 'R_plasmid_molecule': 1}","{PetriNet('transconjugant_0_net'): 1, 'R_protein_molecule': 7, 'R_plasmid_molecule': 1}"
184,"{PetriNet('donor_0_net'): 1, 'R_protein_molecule': 4, 'R_plasmid_molecule': 1}","{PetriNet('transconjugant_0_net'): 1, 'R_protein_molecule': 7, 'R_plasmid_molecule': 1}"
185,"{PetriNet('donor_0_net'): 1, 'R_protein_molecule': 4, 'R_plasmid_molecule': 1}","{PetriNet('transconjugant_0_net'): 1, 'R_protein_molecule': 7, 'R_plasmid_molecule': 1}"
186,"{PetriNet('donor_0_net'): 1, 'R_protein_molecule': 4, 'R_plasmid_molecule': 1}","{PetriNet('transconjugant_0_net'): 1, 'R_protein_molecule': 7, 'R_plasmid_molecule': 1}"
187,"{PetriNet('donor_0_net'): 1, 'R_protein_molecule': 4, 'R_plasmid_molecule': 1}","{PetriNet('transconjugant_0_net'): 1, 'R_protein_molecule': 7, 'R_plasmid_molecule': 1}"
188,"{PetriNet('donor_0_net'): 1, 'R_protein_molecule': 4, 'R_plasmid_molecule': 1}","{PetriNet('transconjugant_0_net'): 1, 'R_protein_molecule': 7, 'R_plasmid_molecule': 1}"
189,"{PetriNet('donor_0_net'): 1, 'R_protein_molecule': 3, 'R_plasmid_molecule': 1}","{PetriNet('transconjugant_0_net'): 1, 'R_protein_molecule': 6, 'R_plasmid_molecule': 1}"
190,"{PetriNet('donor_0_net'): 1, 'R_protein_molecule': 3, 'R_plasmid_molecule': 1}","{PetriNet('transconjugant_0_net'): 1, 'R_protein_molecule': 5, 'R_plasmid_molecule': 1}"
191,"{PetriNet('donor_0_net'): 1, 'R_protein_molecule': 3, 'R_plasmid_molecule': 1}","{PetriNet('transconjugant_0_net'): 1, 'R_protein_molecule': 5, 'R_plasmid_molecule': 1}"
192,"{PetriNet('donor_0_net'): 1, 'R_protein_molecule': 2, 'R_plasmid_molecule': 1}","{PetriNet('transconjugant_0_net'): 1, 'R_protein_molecule': 4, 'R_plasmid_molecule': 1}"
193,"{PetriNet('donor_0_net'): 1, 'R_protein_molecule': 2, 'R_plasmid_molecule': 1}","{PetriNet('transconjugant_0_net'): 1, 'R_protein_molecule': 4, 'R_plasmid_molecule': 1}"
194,"{PetriNet('donor_0_net'): 1, 'R_protein_molecule': 2, 'R_plasmid_molecule': 1}","{PetriNet('transconjugant_0_net'): 1, 'R_protein_molecule': 3, 'R_plasmid_molecule': 1}"
195,"{PetriNet('donor_0_net'): 1, 'R_protein_molecule': 2, 'R_plasmid_molecule': 1}","{PetriNet('transconjugant_0_net'): 1, 'R_protein_molecule': 3, 'R_plasmid_molecule': 1}"
196,"{PetriNet('donor_0_net'): 1, 'R_protein_molecule': 3, 'R_plasmid_molecule': 1}","{PetriNet('transconjugant_0_net'): 1, 'R_protein_molecule': 3, 'R_plasmid_molecule': 1}"
197,"{PetriNet('donor_0_net'): 1, 'R_protein_molecule': 3, 'R_plasmid_molecule': 1}","{PetriNet('transconjugant_0_net'): 1, 'R_protein_molecule': 3, 'R_plasmid_molecule': 1}"
198,"{PetriNet('donor_0_net'): 1, 'R_protein_molecule': 3, 'R_plasmid_molecule': 1}","{PetriNet('transconjugant_0_net'): 1, 'R_protein_molecule': 3, 'R_plasmid_molecule': 1}"
199,"{PetriNet('donor_0_net'): 1, 'R_protein_molecule': 3, 'R_plasmid_molecule': 1}","{PetriNet('transconjugant_0_net'): 1, 'R_protein_molecule': 3, 'R_plasmid_molecule': 1}"
200,"{PetriNet('donor_0_net'): 1, 'R_protein_molecule': 3, 'R_plasmid_molecule': 1}","{PetriNet('transconjugant_0_net'): 1, 'R_protein_molecule': 3, 'R_plasmid_molecule': 1}"
201,"{PetriNet('donor_0_net'): 1, 'R_protein_molecule': 4, 'R_plasmid_molecule': 1}","{PetriNet('transconjugant_0_net'): 1, 'R_protein_molecule': 3, 'R_plasmid_molecule': 1}"
202,"{PetriNet('donor_0_net'): 1, 'R_protein_molecule': 4, 'R_plasmid_molecule': 1}","{PetriNet('transconjugant_0_net'): 1, 'R_protein_molecule': 4, 'R_plasmid_molecule': 1}"
203,"{PetriNet('donor_0_net'): 1, 'R_protein_molecule': 4, 'R_plasmid_molecule': 1}","{PetriNet('transconjugant_0_net'): 1, 'R_protein_molecule': 5, 'R_plasmid_molecule': 1}"
204,"{PetriNet('donor_0_net'): 1, 'R_protein_molecule': 4, 'R_plasmid_molecule': 1}","{PetriNet('transconjugant_0_net'): 1, 'R_protein_molecule': 5, 'R_plasmid_molecule': 1}"
205,"{PetriNet('donor_0_net'): 1, 'R_protein_molecule': 3, 'R_plasmid_molecule': 1}","{PetriNet('transconjugant_0_net'): 1, 'R_protein_molecule': 4, 'R_plasmid_molecule': 1}"
206,"{PetriNet('donor_0_net'): 1, 'R_protein_molecule': 3, 'R_plasmid_molecule': 1}","{PetriNet('transconjugant_0_net'): 1, 'R_protein_molecule': 4, 'R_plasmid_molecule': 1}"
207,"{PetriNet('donor_0_net'): 1, 'R_protein_molecule': 3, 'R_plasmid_molecule': 1}","{PetriNet('transconjugant_0_net'): 1, 'R_protein_molecule': 4, 'R_plasmid_molecule': 1}"
208,"{PetriNet('donor_0_net'): 1, 'R_protein_molecule': 3, 'R_plasmid_molecule': 1}","{PetriNet('transconjugant_0_net'): 1, 'R_protein_molecule': 5, 'R_plasmid_molecule': 1}"
209,"{PetriNet('donor_0_net'): 1, 'R_protein_molecule': 3, 'R_plasmid_molecule': 1}","{PetriNet('transconjugant_0_net'): 1, 'R_protein_molecule': 5, 'R_plasmid_molecule': 1}"
210,"{PetriNet('donor_0_net'): 1, 'R_protein_molecule': 3, 'R_plasmid_molecule': 1}","{PetriNet('transconjugant_0_net'): 1, 'R_protein_molecule': 5, 'R_plasmid_molecule': 1}"
211,"{PetriNet('donor_0_net'): 1, 'R_protein_molecule': 3, 'R_plasmid_molecule': 1}","{PetriNet('transconjugant_0_net'): 1, 'R_protein_molecule': 4, 'R_plasmid_molecule': 1}"
212,"{PetriNet('donor_0_net'): 1, 'R_protein_molecule': 3, 'R_plasmid_molecule': 1}","{PetriNet('transconjugant_0_net'): 1, 'R_protein_molecule': 4, 'R_plasmid_molecule': 1}"
213,"{PetriNet('donor_0_net'): 1, 'R_protein_molecule': 3, 'R_plasmid_molecule': 1}","{PetriNet('transconjugant_0_net'): 1, 'R_protein_molecule': 5, 'R_plasmid_molecule': 1}"
214,"{PetriNet('donor_0_net'): 1, 'R_protein_molecule': 2, 'R_plasmid_molecule': 1}","{PetriNet('transconjugant_0_net'): 1, 'R_protein_molecule': 6, 'R_plasmid_molecule': 1}"
215,"{PetriNet('donor_0_net'): 1, 'R_protein_molecule': 2, 'R_plasmid_molecule': 1}","{PetriNet('transconjugant_0_net'): 1, 'R_protein_molecule': 7, 'R_plasmid_molecule': 1}"
216,"{PetriNet('donor_0_net'): 1, 'R_protein_molecule': 2, 'R_plasmid_molecule': 1}","{PetriNet('transconjugant_0_net'): 1, 'R_protein_molecule': 7, 'R_plasmid_molecule': 1}"
217,"{PetriNet('donor_0_net'): 1, 'R_protein_molecule': 2, 'R_plasmid_molecule': 1}","{PetriNet('transconjugant_0_net'): 1, 'R_protein_molecule': 7, 'R_plasmid_molecule': 1}"
218,"{PetriNet('donor_0_net'): 1, 'R_protein_molecule': 2, 'R_plasmid_molecule': 1}","{PetriNet('transconjugant_0_net'): 1, 'R_protein_molecule': 7, 'R_plasmid_molecule': 1}"
219,"{PetriNet('donor_0_net'): 1, 'R_protein_molecule': 1, 'R_plasmid_molecule': 1}","{PetriNet('transconjugant_0_net'): 1, 'R_protein_molecule': 7, 'R_plasmid_molecule': 1}"
220,"{PetriNet('donor_0_net'): 1, 'R_plasmid_molecule': 1}","{PetriNet('transconjugant_0_net'): 1, 'R_protein_molecule': 6, 'R_plasmid_molecule': 1}"
221,"{PetriNet('donor_0_net'): 1, 'R_protein_molecule': 1, 'R_plasmid_molecule': 1}","{PetriNet('transconjugant_0_net'): 1, 'R_protein_molecule': 6, 'R_plasmid_molecule': 1}"
222,"{PetriNet('donor_0_net'): 1, 'R_protein_molecule': 1, 'R_plasmid_molecule': 1}","{PetriNet('transconjugant_0_net'): 1, 'R_protein_molecule': 5, 'R_plasmid_molecule': 1}"
223,"{PetriNet('donor_0_net'): 1, 'R_protein_molecule': 1, 'R_plasmid_molecule': 1}","{PetriNet('transconjugant_0_net'): 1, 'R_protein_molecule': 5, 'R_plasmid_molecule': 1}"
224,"{PetriNet('donor_0_net'): 1, 'R_protein_molecule': 1, 'R_plasmid_molecule': 1}","{PetriNet('transconjugant_0_net'): 1, 'R_protein_molecule': 4, 'R_plasmid_molecule': 1}"
225,"{PetriNet('donor_0_net'): 1, 'R_plasmid_molecule': 1}","{PetriNet('transconjugant_0_net'): 1, 'R_protein_molecule': 4, 'R_plasmid_molecule': 1}"
226,"{PetriNet('donor_0_net'): 1, 'R_protein_molecule': 1, 'R_plasmid_molecule': 1}","{PetriNet('transconjugant_0_net'): 1, 'R_protein_molecule': 4, 'R_plasmid_molecule': 1}"
227,"{PetriNet('donor_0_net'): 1, 'R_protein_molecule': 1, 'R_plasmid_molecule': 1}","{PetriNet('transconjugant_0_net'): 1, 'R_protein_molecule': 5, 'R_plasmid_molecule': 1}"
228,"{PetriNet('donor_0_net'): 1, 'R_protein_molecule': 1, 'R_plasmid_molecule': 1}","{PetriNet('transconjugant_0_net'): 1, 'R_protein_molecule': 5, 'R_plasmid_molecule': 1}"
229,"{PetriNet('donor_0_net'): 1, 'R_protein_molecule': 1, 'R_plasmid_molecule': 1}","{PetriNet('transconjugant_0_net'): 1, 'R_protein_molecule': 5, 'R_plasmid_molecule': 1}"
230,"{PetriNet('donor_0_net'): 1, 'R_plasmid_molecule': 1}","{PetriNet('transconjugant_0_net'): 1, 'R_protein_molecule': 5, 'R_plasmid_molecule': 1}"
231,"{PetriNet('donor_0_net'): 1, 'R_protein_molecule': 1, 'R_plasmid_molecule': 1}","{PetriNet('transconjugant_0_net'): 1, 'R_protein_molecule': 5, 'R_plasmid_molecule': 1}"
232,"{PetriNet('donor_0_net'): 1, 'R_protein_molecule': 1, 'R_plasmid_molecule': 1}","{PetriNet('transconjugant_0_net'): 1, 'R_protein_molecule': 5, 'R_plasmid_molecule': 1}"
233,"{PetriNet('donor_0_net'): 1, 'R_protein_molecule': 2, 'R_plasmid_molecule': 1}","{PetriNet('transconjugant_0_net'): 1, 'R_protein_molecule': 5, 'R_plasmid_molecule': 1}"
234,"{PetriNet('donor_0_net'): 1, 'R_protein_molecule': 2, 'R_plasmid_molecule': 1}","{PetriNet('transconjugant_0_net'): 1, 'R_protein_molecule': 5, 'R_plasmid_molecule': 1}"
235,"{PetriNet('donor_0_net'): 1, 'R_protein_molecule': 2, 'R_plasmid_molecule': 1}","{PetriNet('transconjugant_0_net'): 1, 'R_protein_molecule': 5, 'R_plasmid_molecule': 1}"
236,"{PetriNet('donor_0_net'): 1, 'R_protein_molecule': 2, 'R_plasmid_molecule': 1}","{PetriNet('transconjugant_0_net'): 1, 'R_protein_molecule': 5, 'R_plasmid_molecule': 1}"
237,"{PetriNet('donor_0_net'): 1, 'R_protein_molecule': 2, 'R_plasmid_molecule': 1}","{PetriNet('transconjugant_0_net'): 1, 'R_protein_molecule': 4, 'R_plasmid_molecule': 1}"
238,"{PetriNet('donor_0_net'): 1, 'R_protein_molecule': 2, 'R_plasmid_molecule': 1}","{PetriNet('transconjugant_0_net'): 1, 'R_protein_molecule': 4, 'R_plasmid_molecule': 1}"
239,"{PetriNet('donor_0_net'): 1, 'R_protein_molecule': 2, 'R_plasmid_molecule': 1}","{PetriNet('transconjugant_0_net'): 1, 'R_protein_molecule': 4, 'R_plasmid_molecule': 1}"
240,"{PetriNet('donor_0_net'): 1, 'R_protein_molecule': 1, 'R_plasmid_molecule': 1}","{PetriNet('transconjugant_0_net'): 1, 'R_protein_molecule': 4, 'R_plasmid_molecule': 1}"
241,"{PetriNet('donor_0_net'): 1, 'R_protein_molecule': 1, 'R_plasmid_molecule': 1}","{PetriNet('transconjugant_0_net'): 1, 'R_protein_molecule': 4, 'R_plasmid_molecule': 1}"
242,"{PetriNet('donor_0_net'): 1, 'R_plasmid_molecule': 1}","{PetriNet('transconjugant_0_net'): 1, 'R_protein_molecule': 4, 'R_plasmid_molecule': 1}"
243,"{PetriNet('donor_0_net'): 1, 'R_protein_molecule': 1, 'R_plasmid_molecule': 1}","{PetriNet('transconjugant_0_net'): 1, 'R_protein_molecule': 4, 'R_plasmid_molecule': 1}"
244,"{PetriNet('donor_0_net'): 1, 'R_protein_molecule': 1, 'R_plasmid_molecule': 1}","{PetriNet('transconjugant_0_net'): 1, 'R_protein_molecule': 4, 'R_plasmid_molecule': 1}"
245,"{PetriNet('donor_0_net'): 1, 'R_protein_molecule': 1, 'R_plasmid_molecule': 1}","{PetriNet('transconjugant_0_net'): 1, 'R_protein_molecule': 4, 'R_plasmid_molecule': 1}"
246,"{PetriNet('donor_0_net'): 1, 'R_protein_molecule': 1, 'R_plasmid_molecule': 1}","{PetriNet('transconjugant_0_net'): 1, 'R_protein_molecule': 3, 'R_plasmid_molecule': 1}"
247,"{PetriNet('donor_0_net'): 1, 'R_protein_molecule': 1, 'R_plasmid_molecule': 1}","{PetriNet('transconjugant_0_net'): 1, 'R_protein_molecule': 4, 'R_plasmid_molecule': 1}"
248,"{PetriNet('donor_0_net'): 1, 'R_protein_molecule': 2, 'R_plasmid_molecule': 1}","{PetriNet('transconjugant_0_net'): 1, 'R_protein_molecule': 3, 'R_plasmid_molecule': 1}"
249,"{PetriNet('donor_0_net'): 1, 'R_protein_molecule': 2, 'R_plasmid_molecule': 1}","{PetriNet('transconjugant_0_net'): 1, 'R_protein_molecule': 3, 'R_plasmid_molecule': 1}"
250,"{PetriNet('donor_0_net'): 1, 'R_protein_molecule': 2, 'R_plasmid_molecule': 1}","{PetriNet('transconjugant_0_net'): 1, 'R_protein_molecule': 3, 'R_plasmid_molecule': 1}"
251,"{PetriNet('donor_0_net'): 1, 'R_protein_molecule': 2, 'R_plasmid_molecule': 1}","{PetriNet('transconjugant_0_net'): 1, 'R_protein_molecule': 3, 'R_plasmid_molecule': 1}"
252,"{PetriNet('donor_0_net'): 1, 'R_protein_molecule': 2, 'R_plasmid_molecule': 1}","{PetriNet('transconjugant_0_net'): 1, 'R_protein_molecule': 2, 'R_plasmid_molecule': 1}"
253,"{PetriNet('donor_0_net'): 1, 'R_protein_molecule': 2, 'R_plasmid_molecule': 1}","{PetriNet('transconjugant_0_net'): 1, 'R_protein_molecule': 2, 'R_plasmid_molecule': 1}"
254,"{PetriNet('donor_0_net'): 1, 'R_protein_molecule': 2, 'R_plasmid_molecule': 1}","{PetriNet('transconjugant_0_net'): 1, 'R_protein_molecule': 2, 'R_plasmid_molecule': 1}"
255,"{PetriNet('donor_0_net'): 1, 'R_protein_molecule': 2, 'R_plasmid_molecule': 1}","{PetriNet('transconjugant_0_net'): 1, 'R_protein_molecule': 2, 'R_plasmid_molecule': 1}"
256,"{PetriNet('donor_0_net'): 1, 'R_protein_molecule': 2, 'R_plasmid_molecule': 1}","{PetriNet('transconjugant_0_net'): 1, 'R_protein_molecule': 2, 'R_plasmid_molecule': 1}"
257,"{PetriNet('donor_0_net'): 1, 'R_protein_molecule': 3, 'R_plasmid_molecule': 1}","{PetriNet('transconjugant_0_net'): 1, 'R_protein_molecule': 2, 'R_plasmid_molecule': 1}"
258,"{PetriNet('donor_0_net'): 1, 'R_protein_molecule': 3, 'R_plasmid_molecule': 1}","{PetriNet('transconjugant_0_net'): 1, 'R_protein_molecule': 1, 'R_plasmid_molecule': 1}"
259,"{PetriNet('donor_0_net'): 1, 'R_protein_molecule': 3, 'R_plasmid_molecule': 1}","{PetriNet('transconjugant_0_net'): 1, 'R_plasmid_molecule': 1}"
260,"{PetriNet('donor_0_net'): 1, 'R_protein_molecule': 4, 'R_plasmid_molecule': 1}","{PetriNet('transconjugant_0_net'): 1, 'R_protein_molecule': 1, 'R_plasmid_molecule': 1}"
261,"{PetriNet('donor_0_net'): 1, 'R_protein_molecule': 4, 'R_plasmid_molecule': 1}","{PetriNet('transconjugant_0_net'): 1, 'R_plasmid_molecule': 1}"
262,"{PetriNet('donor_0_net'): 1, 'R_protein_molecule': 4, 'R_plasmid_molecule': 1}","{PetriNet('transconjugant_0_net'): 1, 'R_protein_molecule': 1, 'R_plasmid_molecule': 1}"
263,"{PetriNet('donor_0_net'): 1, 'R_protein_molecule': 4, 'R_plasmid_molecule': 1}","{PetriNet('transconjugant_0_net'): 1, 'R_protein_molecule': 1, 'R_plasmid_molecule': 1}"
264,"{PetriNet('donor_0_net'): 1, 'R_protein_molecule': 4, 'R_plasmid_molecule': 1}","{PetriNet('transconjugant_0_net'): 1, 'R_plasmid_molecule': 1}"
265,"{PetriNet('donor_0_net'): 1, 'R_protein_molecule': 5, 'R_plasmid_molecule': 1}","{PetriNet('transconjugant_0_net'): 1, 'R_protein_molecule': 1, 'R_plasmid_molecule': 1}"
266,"{PetriNet('donor_0_net'): 1, 'R_protein_molecule': 5, 'R_plasmid_molecule': 1}","{PetriNet('transconjugant_0_net'): 1, 'R_protein_molecule': 1, 'R_plasmid_molecule': 1}"
267,"{PetriNet('donor_0_net'): 1, 'R_protein_molecule': 5, 'R_plasmid_molecule': 1}","{PetriNet('transconjugant_0_net'): 1, 'R_protein_molecule': 1, 'R_plasmid_molecule': 1}"
268,"{PetriNet('donor_0_net'): 1, 'R_protein_molecule': 5, 'R_plasmid_molecule': 1}","{PetriNet('transconjugant_0_net'): 1, 'R_protein_molecule': 2, 'R_plasmid_molecule': 1}"
269,"{PetriNet('donor_0_net'): 1, 'R_protein_molecule': 5, 'R_plasmid_molecule': 1}","{PetriNet('transconjugant_0_net'): 1, 'R_protein_molecule': 2, 'R_plasmid_molecule': 1}"
270,"{PetriNet('donor_0_net'): 1, 'R_protein_molecule': 5, 'R_plasmid_molecule': 1}","{PetriNet('transconjugant_0_net'): 1, 'R_protein_molecule': 2, 'R_plasmid_molecule': 1}"
271,"{PetriNet('donor_0_net'): 1, 'R_protein_molecule': 5, 'R_plasmid_molecule': 1}","{PetriNet('transconjugant_0_net'): 1, 'R_protein_molecule': 3, 'R_plasmid_molecule': 1}"
272,"{PetriNet('donor_0_net'): 1, 'R_protein_molecule': 5, 'R_plasmid_molecule': 1}","{PetriNet('transconjugant_0_net'): 1, 'R_protein_molecule': 3, 'R_plasmid_molecule': 1}"
273,"{PetriNet('donor_0_net'): 1, 'R_protein_molecule': 4, 'R_plasmid_molecule': 1}","{PetriNet('transconjugant_0_net'): 1, 'R_protein_molecule': 3, 'R_plasmid_molecule': 1}"
274,"{PetriNet('donor_0_net'): 1, 'R_protein_molecule': 4, 'R_plasmid_molecule': 1}","{PetriNet('transconjugant_0_net'): 1, 'R_protein_molecule': 3, 'R_plasmid_molecule': 1}"
275,"{PetriNet('donor_0_net'): 1, 'R_protein_molecule': 3, 'R_plasmid_molecule': 1}","{PetriNet('transconjugant_0_net'): 1, 'R_protein_molecule': 3, 'R_plasmid_molecule': 1}"
276,"{PetriNet('donor_0_net'): 1, 'R_protein_molecule': 4, 'R_plasmid_molecule': 1}","{PetriNet('transconjugant_0_net'): 1, 'R_protein_molecule': 4, 'R_plasmid_molecule': 1}"
277,"{PetriNet('donor_0_net'): 1, 'R_protein_molecule': 4, 'R_plasmid_molecule': 1}","{PetriNet('transconjugant_0_net'): 1, 'R_protein_molecule': 3, 'R_plasmid_molecule': 1}"
278,"{PetriNet('donor_0_net'): 1, 'R_protein_molecule': 5, 'R_plasmid_molecule': 1}","{PetriNet('transconjugant_0_net'): 1, 'R_protein_molecule': 2, 'R_plasmid_molecule': 1}"
279,"{PetriNet('donor_0_net'): 1, 'R_protein_molecule': 4, 'R_plasmid_molecule': 1}","{PetriNet('transconjugant_0_net'): 1, 'R_protein_molecule': 1, 'R_plasmid_molecule': 1}"
280,"{PetriNet('donor_0_net'): 1, 'R_protein_molecule': 4, 'R_plasmid_molecule': 1}","{PetriNet('transconjugant_0_net'): 1, 'R_protein_molecule': 1, 'R_plasmid_molecule': 1}"
281,"{PetriNet('donor_0_net'): 1, 'R_protein_molecule': 4, 'R_plasmid_molecule': 1}","{PetriNet('transconjugant_0_net'): 1, 'R_protein_molecule': 1, 'R_plasmid_molecule': 1}"
282,"{PetriNet('donor_0_net'): 1, 'R_protein_molecule': 4, 'R_plasmid_molecule': 1}","{PetriNet('transconjugant_0_net'): 1, 'R_plasmid_molecule': 1}"
283,"{PetriNet('donor_0_net'): 1, 'R_protein_molecule': 4, 'R_plasmid_molecule': 1}","{PetriNet('transconjugant_0_net'): 1, 'R_protein_molecule': 1, 'R_plasmid_molecule': 1}"
284,"{PetriNet('donor_0_net'): 1, 'R_protein_molecule': 3, 'R_plasmid_molecule': 1}","{PetriNet('transconjugant_0_net'): 1, 'R_plasmid_molecule': 1}"
285,"{PetriNet('donor_0_net'): 1, 'R_protein_molecule': 2, 'R_plasmid_molecule': 1}","{PetriNet('transconjugant_0_net'): 1, 'R_plasmid_molecule': 1}"
286,"{PetriNet('donor_0_net'): 1, 'R_protein_molecule': 3, 'R_plasmid_molecule': 1}","{PetriNet('transconjugant_0_net'): 1, 'R_protein_molecule': 1, 'R_plasmid_molecule': 1}"
287,"{PetriNet('donor_0_net'): 1, 'R_protein_molecule': 3, 'R_plasmid_molecule': 1}","{PetriNet('transconjugant_0_net'): 1, 'R_protein_molecule': 1, 'R_plasmid_molecule': 1}"
288,"{PetriNet('donor_0_net'): 1, 'R_protein_molecule': 3, 'R_plasmid_molecule': 1}","{PetriNet('transconjugant_0_net'): 1, 'R_protein_molecule': 1, 'R_plasmid_molecule': 1}"
289,"{PetriNet('donor_0_net'): 1, 'R_protein_molecule': 3, 'R_plasmid_molecule': 1}","{PetriNet('transconjugant_0_net'): 1, 'R_protein_molecule': 1, 'R_plasmid_molecule': 1}"
290,"{PetriNet('donor_0_net'): 1, 'R_protein_molecule': 3, 'R_plasmid_molecule': 1}","{PetriNet('transconjugant_0_net'): 1, 'R_protein_molecule': 1, 'R_plasmid_molecule': 1}"
291,"{PetriNet('donor_0_net'): 1, 'R_protein_molecule': 3, 'R_plasmid_molecule': 1}","{PetriNet('transconjugant_0_net'): 1, 'R_plasmid_molecule': 1}"
292,"{PetriNet('donor_0_net'): 1, 'R_protein_molecule': 3, 'R_plasmid_molecule': 1}","{PetriNet('transconjugant_0_net'): 1, 'R_plasmid_molecule': 1}"
293,"{PetriNet('donor_0_net'): 1, 'R_protein_molecule': 4, 'R_plasmid_molecule': 1}","{PetriNet('transconjugant_0_net'): 1, 'R_protein_molecule': 1, 'R_plasmid_molecule': 1}"
294,"{PetriNet('donor_0_net'): 1, 'R_protein_molecule': 4, 'R_plasmid_molecule': 1}","{PetriNet('transconjugant_0_net'): 1, 'R_plasmid_molecule': 1}"
295,"{PetriNet('donor_0_net'): 1, 'R_protein_molecule': 5, 'R_plasmid_molecule': 1}","{PetriNet('transconjugant_0_net'): 1, 'R_protein_molecule': 1, 'R_plasmid_molecule': 1}"
296,"{PetriNet('donor_0_net'): 1, 'R_protein_molecule': 6, 'R_plasmid_molecule': 1}","{PetriNet('transconjugant_0_net'): 1, 'R_protein_molecule': 2, 'R_plasmid_molecule': 1}"
297,"{PetriNet('donor_0_net'): 1, 'R_protein_molecule': 6, 'R_plasmid_molecule': 1}","{PetriNet('transconjugant_0_net'): 1, 'R_protein_molecule': 2, 'R_plasmid_molecule': 1}"
298,"{PetriNet('donor_0_net'): 1, 'R_protein_molecule': 6, 'R_plasmid_molecule': 1}","{PetriNet('transconjugant_0_net'): 1, 'R_protein_molecule': 2, 'R_plasmid_molecule': 1}"
299,"{PetriNet('donor_0_net'): 1, 'R_protein_molecule': 5, 'R_plasmid_molecule': 1}","{PetriNet('transconjugant_0_net'): 1, 'R_protein_molecule': 2, 'R_plasmid_molecule': 1}"
300,"{PetriNet('donor_0_net'): 1, 'R_protein_molecule': 6, 'R_plasmid_molecule': 1}","{PetriNet('transconjugant_0_net'): 1, 'R_protein_molecule': 1, 'R_plasmid_molecule': 1}"
